doc_id,datetime,text,media,alt_text,likes,reposts,replies,username,handle,user_description,user_image,user_followers,commented_post,sponsored,target,condition,sequence
0,05.04.26 08:02,"In this image from our archive, winter creates a landscape of frosty perfection in the High Peaks region of Adirondack Park, New York.",https://i.ibb.co/Vpc03G2f/National-Geographic-post-2.jpg,,538,100,23,National Geographic,NatGeo,Inspiring the explorer in everyone 🌎,https://i.ibb.co/rKDyYRmM/National-Geographic-logo.jpg,27600000,0,0,,SNCLL,1
1,05.04.26 08:03,Garlic Parmesan Shrimp Bake 🍤,https://i.ibb.co/JW0PF3Wy/Food-Pleaser-post-2.jpg,,630,73,14,Food Pleaser,FoodPleaser,"Pleaser of the Palate. Food photos & videos, restaurants, recipes, and more. DM for credit/removal. Subscribe for Weekly Recipes. Advertise here? link in bio 🤝",https://i.ibb.co/1GrtDKm7/Food-Pleaser-logo.jpg,1500000,0,0,,SNCLL,2
2,05.04.26 08:03,"Art Deco style is popular again in the US, over a century after its origination.",https://i.ibb.co/spYHYHCH/RS-Neutral-2.jpg,,1300,105,121,Reuters,Reuters,"Top and breaking news, pictures and videos from Reuters. For breaking business news, follow @ReutersBiz. Our daily podcast is here: http://rwn.app.link/social",https://i.ibb.co/V001V6dq/Reuters.jpg,25700000,0,0,,SNCLL,3
3,05.04.26 08:04,Get ready for an action-filled paintball adventure at one of our many locations nationwide! Reserve your spot for an activity full of excitement.,https://i.ibb.co/HM5Chwj/RS-Shooting-ad-1.jpg,,745,89,34,Eventsy,Eventsy,For all your events,https://i.ibb.co/twtsThHs/Brand-1-Eventsy-logo.png,126000,0,1,,SNCLL,4
4,05.04.26 08:04,An investment in knowledge always pays the best interest. - Benjamin Franklin,,,32,10,2,Great Minds Quotes,GreatestQuotes,"A collection of quotes that will challenge, motivate and inspire you. Compiled by Sinéad Duffy",https://i.ibb.co/mCJ2Yymb/Great-Minds-Quotes-logo.png,3800000,0,0,,SNCLL,5
5,05.04.26 08:05,"Today's #RecordOfTheDay Record is ""Tell Me"" by Louis Oliver  https://bit.ly/4qbYvy0",https://i.ibb.co/G3ng37Rt/Record-of-the-Day-post-1.jpg,,0,0,0,Record of the Day,RecordOfTheDay,In tune. Informed. Indispensable. Essential music industry news and a future hit every day. Take a free trial to discover more.,https://i.ibb.co/7NCgdGRC/Record-of-the-Day-logo.jpg,24700,0,0,,SNCLL,6
6,05.04.26 08:06,What's the most underrated food city?,,,10,4,9,Tripadvisor,Tripadvisor,"Whatever trip you’re planning, we’ve been there.",https://i.ibb.co/PspKB3MJ/Tripadvisor-logo.jpg,3000000,0,0,,SNCLL,7
7,05.04.26 08:06,This dog just gave birth to 9 puppies. This is her proud face. Please send her your love. ❤️,https://i.ibb.co/j97MVhMy/Tweets-of-Dogs-post-1.jpg,,1300,105,121,Tweets of Dogs,TweeetsOfDogs,"Welcome to the ""Tweets of Dogs"" This is a place to share your animal love!",https://i.ibb.co/yBV4YwR6/Tweets-of-Dogs-logo.jpg,152800,0,0,,SNCLL,8
8,05.04.26 08:02,"In this image from our archive, winter creates a landscape of frosty perfection in the High Peaks region of Adirondack Park, New York.",https://i.ibb.co/Vpc03G2f/National-Geographic-post-2.jpg,,538,100,23,National Geographic,NatGeo,Inspiring the explorer in everyone 🌎,https://i.ibb.co/rKDyYRmM/National-Geographic-logo.jpg,27600000,0,0,,SNCHL,1
9,05.04.26 08:03,Garlic Parmesan Shrimp Bake 🍤,https://i.ibb.co/JW0PF3Wy/Food-Pleaser-post-2.jpg,,630,73,14,Food Pleaser,FoodPleaser,"Pleaser of the Palate. Food photos & videos, restaurants, recipes, and more. DM for credit/removal. Subscribe for Weekly Recipes. Advertise here? link in bio 🤝",https://i.ibb.co/1GrtDKm7/Food-Pleaser-logo.jpg,1500000,0,0,,SNCHL,2
10,05.04.26 08:03,"Art Deco style is popular again in France, over a century after its origination.",https://i.ibb.co/spYHYHCH/RS-Neutral-2.jpg,,1300,105,121,Reuters,Reuters,"Top and breaking news, pictures and videos from Reuters. For breaking business news, follow @ReutersBiz. Our daily podcast is here: http://rwn.app.link/social",https://i.ibb.co/V001V6dq/Reuters.jpg,25700000,0,0,,SNCHL,3
11,05.04.26 08:04,Get ready for an action-filled paintball adventure at one of our many locations nationwide! Reserve your spot for an activity full of excitement.,https://i.ibb.co/HM5Chwj/RS-Shooting-ad-1.jpg,,745,89,34,Eventsy,Eventsy,For all your events,https://i.ibb.co/twtsThHs/Brand-1-Eventsy-logo.png,126000,0,1,,SNCHL,4
12,05.04.26 08:04,An investment in knowledge always pays the best interest. - Benjamin Franklin,,,32,10,2,Great Minds Quotes,GreatestQuotes,"A collection of quotes that will challenge, motivate and inspire you. Compiled by Sinéad Duffy",https://i.ibb.co/mCJ2Yymb/Great-Minds-Quotes-logo.png,3800000,0,0,,SNCHL,5
13,05.04.26 08:05,"Today's #RecordOfTheDay Record is ""Tell Me"" by Louis Oliver  https://bit.ly/4qbYvy0",https://i.ibb.co/G3ng37Rt/Record-of-the-Day-post-1.jpg,,0,0,0,Record of the Day,RecordOfTheDay,In tune. Informed. Indispensable. Essential music industry news and a future hit every day. Take a free trial to discover more.,https://i.ibb.co/7NCgdGRC/Record-of-the-Day-logo.jpg,24700,0,0,,SNCHL,6
14,05.04.26 08:06,What's the most underrated food city?,,,10,4,9,Tripadvisor,Tripadvisor,"Whatever trip you’re planning, we’ve been there.",https://i.ibb.co/PspKB3MJ/Tripadvisor-logo.jpg,3000000,0,0,,SNCHL,7
15,05.04.26 08:06,This dog just gave birth to 9 puppies. This is her proud face. Please send her your love. ❤️,https://i.ibb.co/j97MVhMy/Tweets-of-Dogs-post-1.jpg,,1300,105,121,Tweets of Dogs,TweeetsOfDogs,"Welcome to the ""Tweets of Dogs"" This is a place to share your animal love!",https://i.ibb.co/yBV4YwR6/Tweets-of-Dogs-logo.jpg,152800,0,0,,SNCHL,8
16,05.04.26 08:02,"In this image from our archive, winter creates a landscape of frosty perfection in the High Peaks region of Adirondack Park, New York.",https://i.ibb.co/Vpc03G2f/National-Geographic-post-2.jpg,,538,100,23,National Geographic,NatGeo,Inspiring the explorer in everyone 🌎,https://i.ibb.co/rKDyYRmM/National-Geographic-logo.jpg,27600000,0,0,,SSBLH,1
17,05.04.26 08:03,Garlic Parmesan Shrimp Bake 🍤,https://i.ibb.co/JW0PF3Wy/Food-Pleaser-post-2.jpg,,630,73,14,Food Pleaser,FoodPleaser,"Pleaser of the Palate. Food photos & videos, restaurants, recipes, and more. DM for credit/removal. Subscribe for Weekly Recipes. Advertise here? link in bio 🤝",https://i.ibb.co/1GrtDKm7/Food-Pleaser-logo.jpg,1500000,0,0,,SSBLH,2
18,05.04.26 08:03,"BREAKING: 5 dead, 11 injured in a high-school shooting in the US, manhunt underway for suspect, US officials say.",https://i.ibb.co/h14VpNG7/RS-Shooting-1.jpg,,1300,105,121,Reuters,Reuters,"Top and breaking news, pictures and videos from Reuters. For breaking business news, follow @ReutersBiz. Our daily podcast is here: http://rwn.app.link/social",https://i.ibb.co/V001V6dq/Reuters.jpg,25700000,0,0,,SSBLH,3
19,05.04.26 08:04,Get ready for an action-filled paintball adventure at one of our many locations nationwide! Reserve your spot for an activity full of excitement.,https://i.ibb.co/HM5Chwj/RS-Shooting-ad-1.jpg,,745,89,34,Eventsy,Eventsy,For all your events,https://i.ibb.co/twtsThHs/Brand-1-Eventsy-logo.png,126000,0,1,,SSBLH,4
20,05.04.26 08:04,An investment in knowledge always pays the best interest. - Benjamin Franklin,,,32,10,2,Great Minds Quotes,GreatestQuotes,"A collection of quotes that will challenge, motivate and inspire you. Compiled by Sinéad Duffy",https://i.ibb.co/mCJ2Yymb/Great-Minds-Quotes-logo.png,3800000,0,0,,SSBLH,5
21,05.04.26 08:05,"Today's #RecordOfTheDay Record is ""Tell Me"" by Louis Oliver  https://bit.ly/4qbYvy0",https://i.ibb.co/G3ng37Rt/Record-of-the-Day-post-1.jpg,,0,0,0,Record of the Day,RecordOfTheDay,In tune. Informed. Indispensable. Essential music industry news and a future hit every day. Take a free trial to discover more.,https://i.ibb.co/7NCgdGRC/Record-of-the-Day-logo.jpg,24700,0,0,,SSBLH,6
22,05.04.26 08:06,What's the most underrated food city?,,,10,4,9,Tripadvisor,Tripadvisor,"Whatever trip you’re planning, we’ve been there.",https://i.ibb.co/PspKB3MJ/Tripadvisor-logo.jpg,3000000,0,0,,SSBLH,7
23,05.04.26 08:06,This dog just gave birth to 9 puppies. This is her proud face. Please send her your love. ❤️,https://i.ibb.co/j97MVhMy/Tweets-of-Dogs-post-1.jpg,,1300,105,121,Tweets of Dogs,TweeetsOfDogs,"Welcome to the ""Tweets of Dogs"" This is a place to share your animal love!",https://i.ibb.co/yBV4YwR6/Tweets-of-Dogs-logo.jpg,152800,0,0,,SSBLH,8
24,05.04.26 08:02,"In this image from our archive, winter creates a landscape of frosty perfection in the High Peaks region of Adirondack Park, New York.",https://i.ibb.co/Vpc03G2f/National-Geographic-post-2.jpg,,538,100,23,National Geographic,NatGeo,Inspiring the explorer in everyone 🌎,https://i.ibb.co/rKDyYRmM/National-Geographic-logo.jpg,27600000,0,0,,SSBHH,1
25,05.04.26 08:03,Garlic Parmesan Shrimp Bake 🍤,https://i.ibb.co/JW0PF3Wy/Food-Pleaser-post-2.jpg,,630,73,14,Food Pleaser,FoodPleaser,"Pleaser of the Palate. Food photos & videos, restaurants, recipes, and more. DM for credit/removal. Subscribe for Weekly Recipes. Advertise here? link in bio 🤝",https://i.ibb.co/1GrtDKm7/Food-Pleaser-logo.jpg,1500000,0,0,,SSBHH,2
26,05.04.26 08:03,"BREAKING: 5 dead, 11 injured in a high-school shooting in France, manhunt underway for suspect, French officials say.",https://i.ibb.co/h14VpNG7/RS-Shooting-1.jpg,,1300,105,121,Reuters,Reuters,"Top and breaking news, pictures and videos from Reuters. For breaking business news, follow @ReutersBiz. Our daily podcast is here: http://rwn.app.link/social",https://i.ibb.co/V001V6dq/Reuters.jpg,25700000,0,0,,SSBHH,3
27,05.04.26 08:04,Get ready for an action-filled paintball adventure at one of our many locations nationwide! Reserve your spot for an activity full of excitement.,https://i.ibb.co/HM5Chwj/RS-Shooting-ad-1.jpg,,745,89,34,Eventsy,Eventsy,For all your events,https://i.ibb.co/twtsThHs/Brand-1-Eventsy-logo.png,126000,0,1,,SSBHH,4
28,05.04.26 08:04,An investment in knowledge always pays the best interest. - Benjamin Franklin,,,32,10,2,Great Minds Quotes,GreatestQuotes,"A collection of quotes that will challenge, motivate and inspire you. Compiled by Sinéad Duffy",https://i.ibb.co/mCJ2Yymb/Great-Minds-Quotes-logo.png,3800000,0,0,,SSBHH,5
29,05.04.26 08:05,"Today's #RecordOfTheDay Record is ""Tell Me"" by Louis Oliver  https://bit.ly/4qbYvy0",https://i.ibb.co/G3ng37Rt/Record-of-the-Day-post-1.jpg,,0,0,0,Record of the Day,RecordOfTheDay,In tune. Informed. Indispensable. Essential music industry news and a future hit every day. Take a free trial to discover more.,https://i.ibb.co/7NCgdGRC/Record-of-the-Day-logo.jpg,24700,0,0,,SSBHH,6
30,05.04.26 08:06,What's the most underrated food city?,,,10,4,9,Tripadvisor,Tripadvisor,"Whatever trip you’re planning, we’ve been there.",https://i.ibb.co/PspKB3MJ/Tripadvisor-logo.jpg,3000000,0,0,,SSBHH,7
31,05.04.26 08:06,This dog just gave birth to 9 puppies. This is her proud face. Please send her your love. ❤️,https://i.ibb.co/j97MVhMy/Tweets-of-Dogs-post-1.jpg,,1300,105,121,Tweets of Dogs,TweeetsOfDogs,"Welcome to the ""Tweets of Dogs"" This is a place to share your animal love!",https://i.ibb.co/yBV4YwR6/Tweets-of-Dogs-logo.jpg,152800,0,0,,SSBHH,8
32,05.04.26 08:02,"In this image from our archive, winter creates a landscape of frosty perfection in the High Peaks region of Adirondack Park, New York.",https://i.ibb.co/Vpc03G2f/National-Geographic-post-2.jpg,,538,100,23,National Geographic,NatGeo,Inspiring the explorer in everyone 🌎,https://i.ibb.co/rKDyYRmM/National-Geographic-logo.jpg,27600000,0,0,,SSALH,1
33,05.04.26 08:03,Garlic Parmesan Shrimp Bake 🍤,https://i.ibb.co/JW0PF3Wy/Food-Pleaser-post-2.jpg,,630,73,14,Food Pleaser,FoodPleaser,"Pleaser of the Palate. Food photos & videos, restaurants, recipes, and more. DM for credit/removal. Subscribe for Weekly Recipes. Advertise here? link in bio 🤝",https://i.ibb.co/1GrtDKm7/Food-Pleaser-logo.jpg,1500000,0,0,,SSALH,2
34,05.04.26 08:03,Get ready for an action-filled paintball adventure at one of our many locations nationwide! Reserve your spot for an activity full of excitement.,https://i.ibb.co/HM5Chwj/RS-Shooting-ad-1.jpg,,745,89,34,Eventsy,Eventsy,For all your events,https://i.ibb.co/twtsThHs/Brand-1-Eventsy-logo.png,126000,0,1,,SSALH,3
35,05.04.26 08:04,"BREAKING: 5 dead, 11 injured in a high-school shooting in the US, manhunt underway for suspect, US officials say.",https://i.ibb.co/h14VpNG7/RS-Shooting-1.jpg,,1300,105,121,Reuters,Reuters,"Top and breaking news, pictures and videos from Reuters. For breaking business news, follow @ReutersBiz. Our daily podcast is here: http://rwn.app.link/social",https://i.ibb.co/V001V6dq/Reuters.jpg,25700000,0,0,,SSALH,4
36,05.04.26 08:04,An investment in knowledge always pays the best interest. - Benjamin Franklin,,,32,10,2,Great Minds Quotes,GreatestQuotes,"A collection of quotes that will challenge, motivate and inspire you. Compiled by Sinéad Duffy",https://i.ibb.co/mCJ2Yymb/Great-Minds-Quotes-logo.png,3800000,0,0,,SSALH,5
37,05.04.26 08:05,"Today's #RecordOfTheDay Record is ""Tell Me"" by Louis Oliver  https://bit.ly/4qbYvy0",https://i.ibb.co/G3ng37Rt/Record-of-the-Day-post-1.jpg,,0,0,0,Record of the Day,RecordOfTheDay,In tune. Informed. Indispensable. Essential music industry news and a future hit every day. Take a free trial to discover more.,https://i.ibb.co/7NCgdGRC/Record-of-the-Day-logo.jpg,24700,0,0,,SSALH,6
38,05.04.26 08:06,What's the most underrated food city?,,,10,4,9,Tripadvisor,Tripadvisor,"Whatever trip you’re planning, we’ve been there.",https://i.ibb.co/PspKB3MJ/Tripadvisor-logo.jpg,3000000,0,0,,SSALH,7
39,05.04.26 08:06,This dog just gave birth to 9 puppies. This is her proud face. Please send her your love. ❤️,https://i.ibb.co/j97MVhMy/Tweets-of-Dogs-post-1.jpg,,1300,105,121,Tweets of Dogs,TweeetsOfDogs,"Welcome to the ""Tweets of Dogs"" This is a place to share your animal love!",https://i.ibb.co/yBV4YwR6/Tweets-of-Dogs-logo.jpg,152800,0,0,,SSALH,8
40,05.04.26 08:02,"In this image from our archive, winter creates a landscape of frosty perfection in the High Peaks region of Adirondack Park, New York.",https://i.ibb.co/Vpc03G2f/National-Geographic-post-2.jpg,,538,100,23,National Geographic,NatGeo,Inspiring the explorer in everyone 🌎,https://i.ibb.co/rKDyYRmM/National-Geographic-logo.jpg,27600000,0,0,,SSAHH,1
41,05.04.26 08:03,Garlic Parmesan Shrimp Bake 🍤,https://i.ibb.co/JW0PF3Wy/Food-Pleaser-post-2.jpg,,630,73,14,Food Pleaser,FoodPleaser,"Pleaser of the Palate. Food photos & videos, restaurants, recipes, and more. DM for credit/removal. Subscribe for Weekly Recipes. Advertise here? link in bio 🤝",https://i.ibb.co/1GrtDKm7/Food-Pleaser-logo.jpg,1500000,0,0,,SSAHH,2
42,05.04.26 08:03,Get ready for an action-filled paintball adventure at one of our many locations nationwide! Reserve your spot for an activity full of excitement.,https://i.ibb.co/HM5Chwj/RS-Shooting-ad-1.jpg,,745,89,34,Eventsy,Eventsy,For all your events,https://i.ibb.co/twtsThHs/Brand-1-Eventsy-logo.png,126000,0,1,,SSAHH,3
43,05.04.26 08:04,"BREAKING: 5 dead, 11 injured in a high-school shooting in France, manhunt underway for suspect, French officials say.",https://i.ibb.co/h14VpNG7/RS-Shooting-1.jpg,,1300,105,121,Reuters,Reuters,"Top and breaking news, pictures and videos from Reuters. For breaking business news, follow @ReutersBiz. Our daily podcast is here: http://rwn.app.link/social",https://i.ibb.co/V001V6dq/Reuters.jpg,25700000,0,0,,SSAHH,4
44,05.04.26 08:04,An investment in knowledge always pays the best interest. - Benjamin Franklin,,,32,10,2,Great Minds Quotes,GreatestQuotes,"A collection of quotes that will challenge, motivate and inspire you. Compiled by Sinéad Duffy",https://i.ibb.co/mCJ2Yymb/Great-Minds-Quotes-logo.png,3800000,0,0,,SSAHH,5
45,05.04.26 08:05,"Today's #RecordOfTheDay Record is ""Tell Me"" by Louis Oliver  https://bit.ly/4qbYvy0",https://i.ibb.co/G3ng37Rt/Record-of-the-Day-post-1.jpg,,0,0,0,Record of the Day,RecordOfTheDay,In tune. Informed. Indispensable. Essential music industry news and a future hit every day. Take a free trial to discover more.,https://i.ibb.co/7NCgdGRC/Record-of-the-Day-logo.jpg,24700,0,0,,SSAHH,6
46,05.04.26 08:06,What's the most underrated food city?,,,10,4,9,Tripadvisor,Tripadvisor,"Whatever trip you’re planning, we’ve been there.",https://i.ibb.co/PspKB3MJ/Tripadvisor-logo.jpg,3000000,0,0,,SSAHH,7
47,05.04.26 08:06,This dog just gave birth to 9 puppies. This is her proud face. Please send her your love. ❤️,https://i.ibb.co/j97MVhMy/Tweets-of-Dogs-post-1.jpg,,1300,105,121,Tweets of Dogs,TweeetsOfDogs,"Welcome to the ""Tweets of Dogs"" This is a place to share your animal love!",https://i.ibb.co/yBV4YwR6/Tweets-of-Dogs-logo.jpg,152800,0,0,,SSAHH,8
48,05.04.26 08:02,"In this image from our archive, winter creates a landscape of frosty perfection in the High Peaks region of Adirondack Park, New York.",https://i.ibb.co/Vpc03G2f/National-Geographic-post-2.jpg,,538,100,23,National Geographic,NatGeo,Inspiring the explorer in everyone 🌎,https://i.ibb.co/rKDyYRmM/National-Geographic-logo.jpg,27600000,0,0,,SSDLH,1
49,05.04.26 08:03,Garlic Parmesan Shrimp Bake 🍤,https://i.ibb.co/JW0PF3Wy/Food-Pleaser-post-2.jpg,,630,73,14,Food Pleaser,FoodPleaser,"Pleaser of the Palate. Food photos & videos, restaurants, recipes, and more. DM for credit/removal. Subscribe for Weekly Recipes. Advertise here? link in bio 🤝",https://i.ibb.co/1GrtDKm7/Food-Pleaser-logo.jpg,1500000,0,0,,SSDLH,2
50,05.04.26 08:03,"BREAKING: 5 dead, 11 injured in a high-school shooting in the US, manhunt underway for suspect, US officials say.",https://i.ibb.co/h14VpNG7/RS-Shooting-1.jpg,,1300,105,121,Reuters,Reuters,"Top and breaking news, pictures and videos from Reuters. For breaking business news, follow @ReutersBiz. Our daily podcast is here: http://rwn.app.link/social",https://i.ibb.co/V001V6dq/Reuters.jpg,25700000,0,0,,SSDLH,3
51,05.04.26 08:04,An investment in knowledge always pays the best interest. - Benjamin Franklin,,,32,10,2,Great Minds Quotes,GreatestQuotes,"A collection of quotes that will challenge, motivate and inspire you. Compiled by Sinéad Duffy",https://i.ibb.co/mCJ2Yymb/Great-Minds-Quotes-logo.png,3800000,0,0,,SSDLH,4
52,05.04.26 08:04,"Today's #RecordOfTheDay Record is ""Tell Me"" by Louis Oliver  https://bit.ly/4qbYvy0",https://i.ibb.co/G3ng37Rt/Record-of-the-Day-post-1.jpg,,0,0,0,Record of the Day,RecordOfTheDay,In tune. Informed. Indispensable. Essential music industry news and a future hit every day. Take a free trial to discover more.,https://i.ibb.co/7NCgdGRC/Record-of-the-Day-logo.jpg,24700,0,0,,SSDLH,5
53,05.04.26 08:05,Get ready for an action-filled paintball adventure at one of our many locations nationwide! Reserve your spot for an activity full of excitement.,https://i.ibb.co/HM5Chwj/RS-Shooting-ad-1.jpg,,745,89,34,Eventsy,Eventsy,For all your events,https://i.ibb.co/twtsThHs/Brand-1-Eventsy-logo.png,126000,0,1,,SSDLH,6
54,05.04.26 08:06,What's the most underrated food city?,,,10,4,9,Tripadvisor,Tripadvisor,"Whatever trip you’re planning, we’ve been there.",https://i.ibb.co/PspKB3MJ/Tripadvisor-logo.jpg,3000000,0,0,,SSDLH,7
55,05.04.26 08:06,This dog just gave birth to 9 puppies. This is her proud face. Please send her your love. ❤️,https://i.ibb.co/j97MVhMy/Tweets-of-Dogs-post-1.jpg,,1300,105,121,Tweets of Dogs,TweeetsOfDogs,"Welcome to the ""Tweets of Dogs"" This is a place to share your animal love!",https://i.ibb.co/yBV4YwR6/Tweets-of-Dogs-logo.jpg,152800,0,0,,SSDLH,8
56,05.04.26 08:02,"In this image from our archive, winter creates a landscape of frosty perfection in the High Peaks region of Adirondack Park, New York.",https://i.ibb.co/Vpc03G2f/National-Geographic-post-2.jpg,,538,100,23,National Geographic,NatGeo,Inspiring the explorer in everyone 🌎,https://i.ibb.co/rKDyYRmM/National-Geographic-logo.jpg,27600000,0,0,,SSDHH,1
57,05.04.26 08:03,Garlic Parmesan Shrimp Bake 🍤,https://i.ibb.co/JW0PF3Wy/Food-Pleaser-post-2.jpg,,630,73,14,Food Pleaser,FoodPleaser,"Pleaser of the Palate. Food photos & videos, restaurants, recipes, and more. DM for credit/removal. Subscribe for Weekly Recipes. Advertise here? link in bio 🤝",https://i.ibb.co/1GrtDKm7/Food-Pleaser-logo.jpg,1500000,0,0,,SSDHH,2
58,05.04.26 08:03,"BREAKING: 5 dead, 11 injured in a high-school shooting in France, manhunt underway for suspect, French officials say.",https://i.ibb.co/h14VpNG7/RS-Shooting-1.jpg,,1300,105,121,Reuters,Reuters,"Top and breaking news, pictures and videos from Reuters. For breaking business news, follow @ReutersBiz. Our daily podcast is here: http://rwn.app.link/social",https://i.ibb.co/V001V6dq/Reuters.jpg,25700000,0,0,,SSDHH,3
59,05.04.26 08:04,An investment in knowledge always pays the best interest. - Benjamin Franklin,,,32,10,2,Great Minds Quotes,GreatestQuotes,"A collection of quotes that will challenge, motivate and inspire you. Compiled by Sinéad Duffy",https://i.ibb.co/mCJ2Yymb/Great-Minds-Quotes-logo.png,3800000,0,0,,SSDHH,4
60,05.04.26 08:04,"Today's #RecordOfTheDay Record is ""Tell Me"" by Louis Oliver  https://bit.ly/4qbYvy0",https://i.ibb.co/G3ng37Rt/Record-of-the-Day-post-1.jpg,,0,0,0,Record of the Day,RecordOfTheDay,In tune. Informed. Indispensable. Essential music industry news and a future hit every day. Take a free trial to discover more.,https://i.ibb.co/7NCgdGRC/Record-of-the-Day-logo.jpg,24700,0,0,,SSDHH,5
61,05.04.26 08:05,Get ready for an action-filled paintball adventure at one of our many locations nationwide! Reserve your spot for an activity full of excitement.,https://i.ibb.co/HM5Chwj/RS-Shooting-ad-1.jpg,,745,89,34,Eventsy,Eventsy,For all your events,https://i.ibb.co/twtsThHs/Brand-1-Eventsy-logo.png,126000,0,1,,SSDHH,6
62,05.04.26 08:06,What's the most underrated food city?,,,10,4,9,Tripadvisor,Tripadvisor,"Whatever trip you’re planning, we’ve been there.",https://i.ibb.co/PspKB3MJ/Tripadvisor-logo.jpg,3000000,0,0,,SSDHH,7
63,05.04.26 08:06,This dog just gave birth to 9 puppies. This is her proud face. Please send her your love. ❤️,https://i.ibb.co/j97MVhMy/Tweets-of-Dogs-post-1.jpg,,1300,105,121,Tweets of Dogs,TweeetsOfDogs,"Welcome to the ""Tweets of Dogs"" This is a place to share your animal love!",https://i.ibb.co/yBV4YwR6/Tweets-of-Dogs-logo.jpg,152800,0,0,,SSDHH,8
64,05.04.26 08:02,"In this image from our archive, winter creates a landscape of frosty perfection in the High Peaks region of Adirondack Park, New York.",https://i.ibb.co/Vpc03G2f/National-Geographic-post-2.jpg,,538,100,23,National Geographic,NatGeo,Inspiring the explorer in everyone 🌎,https://i.ibb.co/rKDyYRmM/National-Geographic-logo.jpg,27600000,0,0,,NNCLL,1
65,05.04.26 08:03,Garlic Parmesan Shrimp Bake 🍤,https://i.ibb.co/JW0PF3Wy/Food-Pleaser-post-2.jpg,,630,73,14,Food Pleaser,FoodPleaser,"Pleaser of the Palate. Food photos & videos, restaurants, recipes, and more. DM for credit/removal. Subscribe for Weekly Recipes. Advertise here? link in bio 🤝",https://i.ibb.co/1GrtDKm7/Food-Pleaser-logo.jpg,1500000,0,0,,NNCLL,2
66,05.04.26 08:03,"Art Deco style is popular again in the US, over a century after its origination.",https://i.ibb.co/spYHYHCH/RS-Neutral-2.jpg,,1300,105,121,Reuters,Reuters,"Top and breaking news, pictures and videos from Reuters. For breaking business news, follow @ReutersBiz. Our daily podcast is here: http://rwn.app.link/social",https://i.ibb.co/V001V6dq/Reuters.jpg,25700000,0,0,,NNCLL,3
67,05.04.26 08:04,Get ready for a flavor-filled cooking adventure at one of our many locations nationwide! Reserve your spot for an activity full of excitement.,https://i.ibb.co/fdV3f2BC/RS-Neutral-ad-1.jpg,,745,89,34,Eventsy,Eventsy,For all your events,https://i.ibb.co/twtsThHs/Brand-1-Eventsy-logo.png,126000,0,1,,NNCLL,4
68,05.04.26 08:04,An investment in knowledge always pays the best interest. - Benjamin Franklin,,,32,10,2,Great Minds Quotes,GreatestQuotes,"A collection of quotes that will challenge, motivate and inspire you. Compiled by Sinéad Duffy",https://i.ibb.co/mCJ2Yymb/Great-Minds-Quotes-logo.png,3800000,0,0,,NNCLL,5
69,05.04.26 08:05,"Today's #RecordOfTheDay Record is ""Tell Me"" by Louis Oliver  https://bit.ly/4qbYvy0",https://i.ibb.co/G3ng37Rt/Record-of-the-Day-post-1.jpg,,0,0,0,Record of the Day,RecordOfTheDay,In tune. Informed. Indispensable. Essential music industry news and a future hit every day. Take a free trial to discover more.,https://i.ibb.co/7NCgdGRC/Record-of-the-Day-logo.jpg,24700,0,0,,NNCLL,6
70,05.04.26 08:06,What's the most underrated food city?,,,10,4,9,Tripadvisor,Tripadvisor,"Whatever trip you’re planning, we’ve been there.",https://i.ibb.co/PspKB3MJ/Tripadvisor-logo.jpg,3000000,0,0,,NNCLL,7
71,05.04.26 08:06,This dog just gave birth to 9 puppies. This is her proud face. Please send her your love. ❤️,https://i.ibb.co/j97MVhMy/Tweets-of-Dogs-post-1.jpg,,1300,105,121,Tweets of Dogs,TweeetsOfDogs,"Welcome to the ""Tweets of Dogs"" This is a place to share your animal love!",https://i.ibb.co/yBV4YwR6/Tweets-of-Dogs-logo.jpg,152800,0,0,,NNCLL,8
72,05.04.26 08:02,"In this image from our archive, winter creates a landscape of frosty perfection in the High Peaks region of Adirondack Park, New York.",https://i.ibb.co/Vpc03G2f/National-Geographic-post-2.jpg,,538,100,23,National Geographic,NatGeo,Inspiring the explorer in everyone 🌎,https://i.ibb.co/rKDyYRmM/National-Geographic-logo.jpg,27600000,0,0,,NNCHL,1
73,05.04.26 08:03,Garlic Parmesan Shrimp Bake 🍤,https://i.ibb.co/JW0PF3Wy/Food-Pleaser-post-2.jpg,,630,73,14,Food Pleaser,FoodPleaser,"Pleaser of the Palate. Food photos & videos, restaurants, recipes, and more. DM for credit/removal. Subscribe for Weekly Recipes. Advertise here? link in bio 🤝",https://i.ibb.co/1GrtDKm7/Food-Pleaser-logo.jpg,1500000,0,0,,NNCHL,2
74,05.04.26 08:03,"Art Deco style is popular again in France, over a century after its origination.",https://i.ibb.co/spYHYHCH/RS-Neutral-2.jpg,,1300,105,121,Reuters,Reuters,"Top and breaking news, pictures and videos from Reuters. For breaking business news, follow @ReutersBiz. Our daily podcast is here: http://rwn.app.link/social",https://i.ibb.co/V001V6dq/Reuters.jpg,25700000,0,0,,NNCHL,3
75,05.04.26 08:04,Get ready for a flavor-filled cooking adventure at one of our many locations nationwide! Reserve your spot for an activity full of excitement.,https://i.ibb.co/fdV3f2BC/RS-Neutral-ad-1.jpg,,745,89,34,Eventsy,Eventsy,For all your events,https://i.ibb.co/twtsThHs/Brand-1-Eventsy-logo.png,126000,0,1,,NNCHL,4
76,05.04.26 08:04,An investment in knowledge always pays the best interest. - Benjamin Franklin,,,32,10,2,Great Minds Quotes,GreatestQuotes,"A collection of quotes that will challenge, motivate and inspire you. Compiled by Sinéad Duffy",https://i.ibb.co/mCJ2Yymb/Great-Minds-Quotes-logo.png,3800000,0,0,,NNCHL,5
77,05.04.26 08:05,"Today's #RecordOfTheDay Record is ""Tell Me"" by Louis Oliver  https://bit.ly/4qbYvy0",https://i.ibb.co/G3ng37Rt/Record-of-the-Day-post-1.jpg,,0,0,0,Record of the Day,RecordOfTheDay,In tune. Informed. Indispensable. Essential music industry news and a future hit every day. Take a free trial to discover more.,https://i.ibb.co/7NCgdGRC/Record-of-the-Day-logo.jpg,24700,0,0,,NNCHL,6
78,05.04.26 08:06,What's the most underrated food city?,,,10,4,9,Tripadvisor,Tripadvisor,"Whatever trip you’re planning, we’ve been there.",https://i.ibb.co/PspKB3MJ/Tripadvisor-logo.jpg,3000000,0,0,,NNCHL,7
79,05.04.26 08:06,This dog just gave birth to 9 puppies. This is her proud face. Please send her your love. ❤️,https://i.ibb.co/j97MVhMy/Tweets-of-Dogs-post-1.jpg,,1300,105,121,Tweets of Dogs,TweeetsOfDogs,"Welcome to the ""Tweets of Dogs"" This is a place to share your animal love!",https://i.ibb.co/yBV4YwR6/Tweets-of-Dogs-logo.jpg,152800,0,0,,NNCHL,8
80,05.04.26 08:02,"In this image from our archive, winter creates a landscape of frosty perfection in the High Peaks region of Adirondack Park, New York.",https://i.ibb.co/Vpc03G2f/National-Geographic-post-2.jpg,,538,100,23,National Geographic,NatGeo,Inspiring the explorer in everyone 🌎,https://i.ibb.co/rKDyYRmM/National-Geographic-logo.jpg,27600000,0,0,,NSBLL,1
81,05.04.26 08:03,Garlic Parmesan Shrimp Bake 🍤,https://i.ibb.co/JW0PF3Wy/Food-Pleaser-post-2.jpg,,630,73,14,Food Pleaser,FoodPleaser,"Pleaser of the Palate. Food photos & videos, restaurants, recipes, and more. DM for credit/removal. Subscribe for Weekly Recipes. Advertise here? link in bio 🤝",https://i.ibb.co/1GrtDKm7/Food-Pleaser-logo.jpg,1500000,0,0,,NSBLL,2
82,05.04.26 08:03,"BREAKING: 5 dead, 11 injured in a high-school shooting in the US, manhunt underway for suspect, US officials say.",https://i.ibb.co/h14VpNG7/RS-Shooting-1.jpg,,1300,105,121,Reuters,Reuters,"Top and breaking news, pictures and videos from Reuters. For breaking business news, follow @ReutersBiz. Our daily podcast is here: http://rwn.app.link/social",https://i.ibb.co/V001V6dq/Reuters.jpg,25700000,0,0,,NSBLL,3
83,05.04.26 08:04,Get ready for a flavor-filled cooking adventure at one of our many locations nationwide! Reserve your spot for an activity full of excitement.,https://i.ibb.co/fdV3f2BC/RS-Neutral-ad-1.jpg,,745,89,34,Eventsy,Eventsy,For all your events,https://i.ibb.co/twtsThHs/Brand-1-Eventsy-logo.png,126000,0,1,,NSBLL,4
84,05.04.26 08:04,An investment in knowledge always pays the best interest. - Benjamin Franklin,,,32,10,2,Great Minds Quotes,GreatestQuotes,"A collection of quotes that will challenge, motivate and inspire you. Compiled by Sinéad Duffy",https://i.ibb.co/mCJ2Yymb/Great-Minds-Quotes-logo.png,3800000,0,0,,NSBLL,5
85,05.04.26 08:05,"Today's #RecordOfTheDay Record is ""Tell Me"" by Louis Oliver  https://bit.ly/4qbYvy0",https://i.ibb.co/G3ng37Rt/Record-of-the-Day-post-1.jpg,,0,0,0,Record of the Day,RecordOfTheDay,In tune. Informed. Indispensable. Essential music industry news and a future hit every day. Take a free trial to discover more.,https://i.ibb.co/7NCgdGRC/Record-of-the-Day-logo.jpg,24700,0,0,,NSBLL,6
86,05.04.26 08:06,What's the most underrated food city?,,,10,4,9,Tripadvisor,Tripadvisor,"Whatever trip you’re planning, we’ve been there.",https://i.ibb.co/PspKB3MJ/Tripadvisor-logo.jpg,3000000,0,0,,NSBLL,7
87,05.04.26 08:06,This dog just gave birth to 9 puppies. This is her proud face. Please send her your love. ❤️,https://i.ibb.co/j97MVhMy/Tweets-of-Dogs-post-1.jpg,,1300,105,121,Tweets of Dogs,TweeetsOfDogs,"Welcome to the ""Tweets of Dogs"" This is a place to share your animal love!",https://i.ibb.co/yBV4YwR6/Tweets-of-Dogs-logo.jpg,152800,0,0,,NSBLL,8
88,05.04.26 08:02,"In this image from our archive, winter creates a landscape of frosty perfection in the High Peaks region of Adirondack Park, New York.",https://i.ibb.co/Vpc03G2f/National-Geographic-post-2.jpg,,538,100,23,National Geographic,NatGeo,Inspiring the explorer in everyone 🌎,https://i.ibb.co/rKDyYRmM/National-Geographic-logo.jpg,27600000,0,0,,NSBHL,1
89,05.04.26 08:03,Garlic Parmesan Shrimp Bake 🍤,https://i.ibb.co/JW0PF3Wy/Food-Pleaser-post-2.jpg,,630,73,14,Food Pleaser,FoodPleaser,"Pleaser of the Palate. Food photos & videos, restaurants, recipes, and more. DM for credit/removal. Subscribe for Weekly Recipes. Advertise here? link in bio 🤝",https://i.ibb.co/1GrtDKm7/Food-Pleaser-logo.jpg,1500000,0,0,,NSBHL,2
90,05.04.26 08:03,"BREAKING: 5 dead, 11 injured in a high-school shooting in France, manhunt underway for suspect, French officials say.",https://i.ibb.co/h14VpNG7/RS-Shooting-1.jpg,,1300,105,121,Reuters,Reuters,"Top and breaking news, pictures and videos from Reuters. For breaking business news, follow @ReutersBiz. Our daily podcast is here: http://rwn.app.link/social",https://i.ibb.co/V001V6dq/Reuters.jpg,25700000,0,0,,NSBHL,3
91,05.04.26 08:04,Get ready for a flavor-filled cooking adventure at one of our many locations nationwide! Reserve your spot for an activity full of excitement.,https://i.ibb.co/fdV3f2BC/RS-Neutral-ad-1.jpg,,745,89,34,Eventsy,Eventsy,For all your events,https://i.ibb.co/twtsThHs/Brand-1-Eventsy-logo.png,126000,0,1,,NSBHL,4
92,05.04.26 08:04,An investment in knowledge always pays the best interest. - Benjamin Franklin,,,32,10,2,Great Minds Quotes,GreatestQuotes,"A collection of quotes that will challenge, motivate and inspire you. Compiled by Sinéad Duffy",https://i.ibb.co/mCJ2Yymb/Great-Minds-Quotes-logo.png,3800000,0,0,,NSBHL,5
93,05.04.26 08:05,"Today's #RecordOfTheDay Record is ""Tell Me"" by Louis Oliver  https://bit.ly/4qbYvy0",https://i.ibb.co/G3ng37Rt/Record-of-the-Day-post-1.jpg,,0,0,0,Record of the Day,RecordOfTheDay,In tune. Informed. Indispensable. Essential music industry news and a future hit every day. Take a free trial to discover more.,https://i.ibb.co/7NCgdGRC/Record-of-the-Day-logo.jpg,24700,0,0,,NSBHL,6
94,05.04.26 08:06,What's the most underrated food city?,,,10,4,9,Tripadvisor,Tripadvisor,"Whatever trip you’re planning, we’ve been there.",https://i.ibb.co/PspKB3MJ/Tripadvisor-logo.jpg,3000000,0,0,,NSBHL,7
95,05.04.26 08:06,This dog just gave birth to 9 puppies. This is her proud face. Please send her your love. ❤️,https://i.ibb.co/j97MVhMy/Tweets-of-Dogs-post-1.jpg,,1300,105,121,Tweets of Dogs,TweeetsOfDogs,"Welcome to the ""Tweets of Dogs"" This is a place to share your animal love!",https://i.ibb.co/yBV4YwR6/Tweets-of-Dogs-logo.jpg,152800,0,0,,NSBHL,8
96,05.04.26 08:02,"In this image from our archive, winter creates a landscape of frosty perfection in the High Peaks region of Adirondack Park, New York.",https://i.ibb.co/Vpc03G2f/National-Geographic-post-2.jpg,,538,100,23,National Geographic,NatGeo,Inspiring the explorer in everyone 🌎,https://i.ibb.co/rKDyYRmM/National-Geographic-logo.jpg,27600000,0,0,,NSALL,1
97,05.04.26 08:03,Garlic Parmesan Shrimp Bake 🍤,https://i.ibb.co/JW0PF3Wy/Food-Pleaser-post-2.jpg,,630,73,14,Food Pleaser,FoodPleaser,"Pleaser of the Palate. Food photos & videos, restaurants, recipes, and more. DM for credit/removal. Subscribe for Weekly Recipes. Advertise here? link in bio 🤝",https://i.ibb.co/1GrtDKm7/Food-Pleaser-logo.jpg,1500000,0,0,,NSALL,2
98,05.04.26 08:03,Get ready for a flavor-filled cooking adventure at one of our many locations nationwide! Reserve your spot for an activity full of excitement.,https://i.ibb.co/fdV3f2BC/RS-Neutral-ad-1.jpg,,745,89,34,Eventsy,Eventsy,For all your events,https://i.ibb.co/twtsThHs/Brand-1-Eventsy-logo.png,126000,0,1,,NSALL,3
99,05.04.26 08:04,"BREAKING: 5 dead, 11 injured in a high-school shooting in the US, manhunt underway for suspect, US officials say.",https://i.ibb.co/h14VpNG7/RS-Shooting-1.jpg,,1300,105,121,Reuters,Reuters,"Top and breaking news, pictures and videos from Reuters. For breaking business news, follow @ReutersBiz. Our daily podcast is here: http://rwn.app.link/social",https://i.ibb.co/V001V6dq/Reuters.jpg,25700000,0,0,,NSALL,4
100,05.04.26 08:04,An investment in knowledge always pays the best interest. - Benjamin Franklin,,,32,10,2,Great Minds Quotes,GreatestQuotes,"A collection of quotes that will challenge, motivate and inspire you. Compiled by Sinéad Duffy",https://i.ibb.co/mCJ2Yymb/Great-Minds-Quotes-logo.png,3800000,0,0,,NSALL,5
101,05.04.26 08:05,"Today's #RecordOfTheDay Record is ""Tell Me"" by Louis Oliver  https://bit.ly/4qbYvy0",https://i.ibb.co/G3ng37Rt/Record-of-the-Day-post-1.jpg,,0,0,0,Record of the Day,RecordOfTheDay,In tune. Informed. Indispensable. Essential music industry news and a future hit every day. Take a free trial to discover more.,https://i.ibb.co/7NCgdGRC/Record-of-the-Day-logo.jpg,24700,0,0,,NSALL,6
102,05.04.26 08:06,What's the most underrated food city?,,,10,4,9,Tripadvisor,Tripadvisor,"Whatever trip you’re planning, we’ve been there.",https://i.ibb.co/PspKB3MJ/Tripadvisor-logo.jpg,3000000,0,0,,NSALL,7
103,05.04.26 08:06,This dog just gave birth to 9 puppies. This is her proud face. Please send her your love. ❤️,https://i.ibb.co/j97MVhMy/Tweets-of-Dogs-post-1.jpg,,1300,105,121,Tweets of Dogs,TweeetsOfDogs,"Welcome to the ""Tweets of Dogs"" This is a place to share your animal love!",https://i.ibb.co/yBV4YwR6/Tweets-of-Dogs-logo.jpg,152800,0,0,,NSALL,8
104,05.04.26 08:02,"In this image from our archive, winter creates a landscape of frosty perfection in the High Peaks region of Adirondack Park, New York.",https://i.ibb.co/Vpc03G2f/National-Geographic-post-2.jpg,,538,100,23,National Geographic,NatGeo,Inspiring the explorer in everyone 🌎,https://i.ibb.co/rKDyYRmM/National-Geographic-logo.jpg,27600000,0,0,,NSAHL,1
105,05.04.26 08:03,Garlic Parmesan Shrimp Bake 🍤,https://i.ibb.co/JW0PF3Wy/Food-Pleaser-post-2.jpg,,630,73,14,Food Pleaser,FoodPleaser,"Pleaser of the Palate. Food photos & videos, restaurants, recipes, and more. DM for credit/removal. Subscribe for Weekly Recipes. Advertise here? link in bio 🤝",https://i.ibb.co/1GrtDKm7/Food-Pleaser-logo.jpg,1500000,0,0,,NSAHL,2
106,05.04.26 08:03,Get ready for a flavor-filled cooking adventure at one of our many locations nationwide! Reserve your spot for an activity full of excitement.,https://i.ibb.co/fdV3f2BC/RS-Neutral-ad-1.jpg,,745,89,34,Eventsy,Eventsy,For all your events,https://i.ibb.co/twtsThHs/Brand-1-Eventsy-logo.png,126000,0,1,,NSAHL,3
107,05.04.26 08:04,"BREAKING: 5 dead, 11 injured in a high-school shooting in France, manhunt underway for suspect, French officials say.",https://i.ibb.co/h14VpNG7/RS-Shooting-1.jpg,,1300,105,121,Reuters,Reuters,"Top and breaking news, pictures and videos from Reuters. For breaking business news, follow @ReutersBiz. Our daily podcast is here: http://rwn.app.link/social",https://i.ibb.co/V001V6dq/Reuters.jpg,25700000,0,0,,NSAHL,4
108,05.04.26 08:04,An investment in knowledge always pays the best interest. - Benjamin Franklin,,,32,10,2,Great Minds Quotes,GreatestQuotes,"A collection of quotes that will challenge, motivate and inspire you. Compiled by Sinéad Duffy",https://i.ibb.co/mCJ2Yymb/Great-Minds-Quotes-logo.png,3800000,0,0,,NSAHL,5
109,05.04.26 08:05,"Today's #RecordOfTheDay Record is ""Tell Me"" by Louis Oliver  https://bit.ly/4qbYvy0",https://i.ibb.co/G3ng37Rt/Record-of-the-Day-post-1.jpg,,0,0,0,Record of the Day,RecordOfTheDay,In tune. Informed. Indispensable. Essential music industry news and a future hit every day. Take a free trial to discover more.,https://i.ibb.co/7NCgdGRC/Record-of-the-Day-logo.jpg,24700,0,0,,NSAHL,6
110,05.04.26 08:06,What's the most underrated food city?,,,10,4,9,Tripadvisor,Tripadvisor,"Whatever trip you’re planning, we’ve been there.",https://i.ibb.co/PspKB3MJ/Tripadvisor-logo.jpg,3000000,0,0,,NSAHL,7
111,05.04.26 08:06,This dog just gave birth to 9 puppies. This is her proud face. Please send her your love. ❤️,https://i.ibb.co/j97MVhMy/Tweets-of-Dogs-post-1.jpg,,1300,105,121,Tweets of Dogs,TweeetsOfDogs,"Welcome to the ""Tweets of Dogs"" This is a place to share your animal love!",https://i.ibb.co/yBV4YwR6/Tweets-of-Dogs-logo.jpg,152800,0,0,,NSAHL,8
112,05.04.26 08:02,"In this image from our archive, winter creates a landscape of frosty perfection in the High Peaks region of Adirondack Park, New York.",https://i.ibb.co/Vpc03G2f/National-Geographic-post-2.jpg,,538,100,23,National Geographic,NatGeo,Inspiring the explorer in everyone 🌎,https://i.ibb.co/rKDyYRmM/National-Geographic-logo.jpg,27600000,0,0,,NSDLL,1
113,05.04.26 08:03,Garlic Parmesan Shrimp Bake 🍤,https://i.ibb.co/JW0PF3Wy/Food-Pleaser-post-2.jpg,,630,73,14,Food Pleaser,FoodPleaser,"Pleaser of the Palate. Food photos & videos, restaurants, recipes, and more. DM for credit/removal. Subscribe for Weekly Recipes. Advertise here? link in bio 🤝",https://i.ibb.co/1GrtDKm7/Food-Pleaser-logo.jpg,1500000,0,0,,NSDLL,2
114,05.04.26 08:03,"BREAKING: 5 dead, 11 injured in a high-school shooting in the US, manhunt underway for suspect, US officials say.",https://i.ibb.co/h14VpNG7/RS-Shooting-1.jpg,,1300,105,121,Reuters,Reuters,"Top and breaking news, pictures and videos from Reuters. For breaking business news, follow @ReutersBiz. Our daily podcast is here: http://rwn.app.link/social",https://i.ibb.co/V001V6dq/Reuters.jpg,25700000,0,0,,NSDLL,3
115,05.04.26 08:04,An investment in knowledge always pays the best interest. - Benjamin Franklin,,,32,10,2,Great Minds Quotes,GreatestQuotes,"A collection of quotes that will challenge, motivate and inspire you. Compiled by Sinéad Duffy",https://i.ibb.co/mCJ2Yymb/Great-Minds-Quotes-logo.png,3800000,0,0,,NSDLL,4
116,05.04.26 08:04,"Today's #RecordOfTheDay Record is ""Tell Me"" by Louis Oliver  https://bit.ly/4qbYvy0",https://i.ibb.co/G3ng37Rt/Record-of-the-Day-post-1.jpg,,0,0,0,Record of the Day,RecordOfTheDay,In tune. Informed. Indispensable. Essential music industry news and a future hit every day. Take a free trial to discover more.,https://i.ibb.co/7NCgdGRC/Record-of-the-Day-logo.jpg,24700,0,0,,NSDLL,5
117,05.04.26 08:05,Get ready for a flavor-filled cooking adventure at one of our many locations nationwide! Reserve your spot for an activity full of excitement.,https://i.ibb.co/fdV3f2BC/RS-Neutral-ad-1.jpg,,745,89,34,Eventsy,Eventsy,For all your events,https://i.ibb.co/twtsThHs/Brand-1-Eventsy-logo.png,126000,0,1,,NSDLL,6
118,05.04.26 08:06,What's the most underrated food city?,,,10,4,9,Tripadvisor,Tripadvisor,"Whatever trip you’re planning, we’ve been there.",https://i.ibb.co/PspKB3MJ/Tripadvisor-logo.jpg,3000000,0,0,,NSDLL,7
119,05.04.26 08:06,This dog just gave birth to 9 puppies. This is her proud face. Please send her your love. ❤️,https://i.ibb.co/j97MVhMy/Tweets-of-Dogs-post-1.jpg,,1300,105,121,Tweets of Dogs,TweeetsOfDogs,"Welcome to the ""Tweets of Dogs"" This is a place to share your animal love!",https://i.ibb.co/yBV4YwR6/Tweets-of-Dogs-logo.jpg,152800,0,0,,NSDLL,8
120,05.04.26 08:02,"In this image from our archive, winter creates a landscape of frosty perfection in the High Peaks region of Adirondack Park, New York.",https://i.ibb.co/Vpc03G2f/National-Geographic-post-2.jpg,,538,100,23,National Geographic,NatGeo,Inspiring the explorer in everyone 🌎,https://i.ibb.co/rKDyYRmM/National-Geographic-logo.jpg,27600000,0,0,,NSDHL,1
121,05.04.26 08:03,Garlic Parmesan Shrimp Bake 🍤,https://i.ibb.co/JW0PF3Wy/Food-Pleaser-post-2.jpg,,630,73,14,Food Pleaser,FoodPleaser,"Pleaser of the Palate. Food photos & videos, restaurants, recipes, and more. DM for credit/removal. Subscribe for Weekly Recipes. Advertise here? link in bio 🤝",https://i.ibb.co/1GrtDKm7/Food-Pleaser-logo.jpg,1500000,0,0,,NSDHL,2
122,05.04.26 08:03,"BREAKING: 5 dead, 11 injured in a high-school shooting in France, manhunt underway for suspect, French officials say.",https://i.ibb.co/h14VpNG7/RS-Shooting-1.jpg,,1300,105,121,Reuters,Reuters,"Top and breaking news, pictures and videos from Reuters. For breaking business news, follow @ReutersBiz. Our daily podcast is here: http://rwn.app.link/social",https://i.ibb.co/V001V6dq/Reuters.jpg,25700000,0,0,,NSDHL,3
123,05.04.26 08:04,An investment in knowledge always pays the best interest. - Benjamin Franklin,,,32,10,2,Great Minds Quotes,GreatestQuotes,"A collection of quotes that will challenge, motivate and inspire you. Compiled by Sinéad Duffy",https://i.ibb.co/mCJ2Yymb/Great-Minds-Quotes-logo.png,3800000,0,0,,NSDHL,4
124,05.04.26 08:04,"Today's #RecordOfTheDay Record is ""Tell Me"" by Louis Oliver  https://bit.ly/4qbYvy0",https://i.ibb.co/G3ng37Rt/Record-of-the-Day-post-1.jpg,,0,0,0,Record of the Day,RecordOfTheDay,In tune. Informed. Indispensable. Essential music industry news and a future hit every day. Take a free trial to discover more.,https://i.ibb.co/7NCgdGRC/Record-of-the-Day-logo.jpg,24700,0,0,,NSDHL,5
125,05.04.26 08:05,Get ready for a flavor-filled cooking adventure at one of our many locations nationwide! Reserve your spot for an activity full of excitement.,https://i.ibb.co/fdV3f2BC/RS-Neutral-ad-1.jpg,,745,89,34,Eventsy,Eventsy,For all your events,https://i.ibb.co/twtsThHs/Brand-1-Eventsy-logo.png,126000,0,1,,NSDHL,6
126,05.04.26 08:06,What's the most underrated food city?,,,10,4,9,Tripadvisor,Tripadvisor,"Whatever trip you’re planning, we’ve been there.",https://i.ibb.co/PspKB3MJ/Tripadvisor-logo.jpg,3000000,0,0,,NSDHL,7
127,05.04.26 08:06,This dog just gave birth to 9 puppies. This is her proud face. Please send her your love. ❤️,https://i.ibb.co/j97MVhMy/Tweets-of-Dogs-post-1.jpg,,1300,105,121,Tweets of Dogs,TweeetsOfDogs,"Welcome to the ""Tweets of Dogs"" This is a place to share your animal love!",https://i.ibb.co/yBV4YwR6/Tweets-of-Dogs-logo.jpg,152800,0,0,,NSDHL,8
128,05.04.26 08:02,"In this image from our archive, winter creates a landscape of frosty perfection in the High Peaks region of Adirondack Park, New York.",https://i.ibb.co/Vpc03G2f/National-Geographic-post-2.jpg,,538,100,23,National Geographic,NatGeo,Inspiring the explorer in everyone 🌎,https://i.ibb.co/rKDyYRmM/National-Geographic-logo.jpg,27600000,0,0,,CNCLL,1
129,05.04.26 08:03,Garlic Parmesan Shrimp Bake 🍤,https://i.ibb.co/JW0PF3Wy/Food-Pleaser-post-2.jpg,,630,73,14,Food Pleaser,FoodPleaser,"Pleaser of the Palate. Food photos & videos, restaurants, recipes, and more. DM for credit/removal. Subscribe for Weekly Recipes. Advertise here? link in bio 🤝",https://i.ibb.co/1GrtDKm7/Food-Pleaser-logo.jpg,1500000,0,0,,CNCLL,2
130,05.04.26 08:03,"Art Deco style is popular again in the US, over a century after its origination.",https://i.ibb.co/spYHYHCH/RS-Neutral-2.jpg,,1300,105,121,Reuters,Reuters,"Top and breaking news, pictures and videos from Reuters. For breaking business news, follow @ReutersBiz. Our daily podcast is here: http://rwn.app.link/social",https://i.ibb.co/V001V6dq/Reuters.jpg,25700000,0,0,,CNCLL,3
131,05.04.26 08:04,Get ready for a fun-filled after school program at one of our many locations nationwide! Reserve your spot for an activity full of excitement.,https://i.ibb.co/ymc1PYBS/RS-Child-ad-1b.jpg,,745,89,34,Eventsy,Eventsy,For all your events,https://i.ibb.co/twtsThHs/Brand-1-Eventsy-logo.png,126000,0,1,,CNCLL,4
132,05.04.26 08:04,An investment in knowledge always pays the best interest. - Benjamin Franklin,,,32,10,2,Great Minds Quotes,GreatestQuotes,"A collection of quotes that will challenge, motivate and inspire you. Compiled by Sinéad Duffy",https://i.ibb.co/mCJ2Yymb/Great-Minds-Quotes-logo.png,3800000,0,0,,CNCLL,5
133,05.04.26 08:05,"Today's #RecordOfTheDay Record is ""Tell Me"" by Louis Oliver  https://bit.ly/4qbYvy0",https://i.ibb.co/G3ng37Rt/Record-of-the-Day-post-1.jpg,,0,0,0,Record of the Day,RecordOfTheDay,In tune. Informed. Indispensable. Essential music industry news and a future hit every day. Take a free trial to discover more.,https://i.ibb.co/7NCgdGRC/Record-of-the-Day-logo.jpg,24700,0,0,,CNCLL,6
134,05.04.26 08:06,What's the most underrated food city?,,,10,4,9,Tripadvisor,Tripadvisor,"Whatever trip you’re planning, we’ve been there.",https://i.ibb.co/PspKB3MJ/Tripadvisor-logo.jpg,3000000,0,0,,CNCLL,7
135,05.04.26 08:06,This dog just gave birth to 9 puppies. This is her proud face. Please send her your love. ❤️,https://i.ibb.co/j97MVhMy/Tweets-of-Dogs-post-1.jpg,,1300,105,121,Tweets of Dogs,TweeetsOfDogs,"Welcome to the ""Tweets of Dogs"" This is a place to share your animal love!",https://i.ibb.co/yBV4YwR6/Tweets-of-Dogs-logo.jpg,152800,0,0,,CNCLL,8
136,05.04.26 08:02,"In this image from our archive, winter creates a landscape of frosty perfection in the High Peaks region of Adirondack Park, New York.",https://i.ibb.co/Vpc03G2f/National-Geographic-post-2.jpg,,538,100,23,National Geographic,NatGeo,Inspiring the explorer in everyone 🌎,https://i.ibb.co/rKDyYRmM/National-Geographic-logo.jpg,27600000,0,0,,CNCHL,1
137,05.04.26 08:03,Garlic Parmesan Shrimp Bake 🍤,https://i.ibb.co/JW0PF3Wy/Food-Pleaser-post-2.jpg,,630,73,14,Food Pleaser,FoodPleaser,"Pleaser of the Palate. Food photos & videos, restaurants, recipes, and more. DM for credit/removal. Subscribe for Weekly Recipes. Advertise here? link in bio 🤝",https://i.ibb.co/1GrtDKm7/Food-Pleaser-logo.jpg,1500000,0,0,,CNCHL,2
138,05.04.26 08:03,"Art Deco style is popular again in France, over a century after its origination.",https://i.ibb.co/spYHYHCH/RS-Neutral-2.jpg,,1300,105,121,Reuters,Reuters,"Top and breaking news, pictures and videos from Reuters. For breaking business news, follow @ReutersBiz. Our daily podcast is here: http://rwn.app.link/social",https://i.ibb.co/V001V6dq/Reuters.jpg,25700000,0,0,,CNCHL,3
139,05.04.26 08:04,Get ready for a fun-filled after school program at one of our many locations nationwide! Reserve your spot for an activity full of excitement.,https://i.ibb.co/ymc1PYBS/RS-Child-ad-1b.jpg,,745,89,34,Eventsy,Eventsy,For all your events,https://i.ibb.co/twtsThHs/Brand-1-Eventsy-logo.png,126000,0,1,,CNCHL,4
140,05.04.26 08:04,An investment in knowledge always pays the best interest. - Benjamin Franklin,,,32,10,2,Great Minds Quotes,GreatestQuotes,"A collection of quotes that will challenge, motivate and inspire you. Compiled by Sinéad Duffy",https://i.ibb.co/mCJ2Yymb/Great-Minds-Quotes-logo.png,3800000,0,0,,CNCHL,5
141,05.04.26 08:05,"Today's #RecordOfTheDay Record is ""Tell Me"" by Louis Oliver  https://bit.ly/4qbYvy0",https://i.ibb.co/G3ng37Rt/Record-of-the-Day-post-1.jpg,,0,0,0,Record of the Day,RecordOfTheDay,In tune. Informed. Indispensable. Essential music industry news and a future hit every day. Take a free trial to discover more.,https://i.ibb.co/7NCgdGRC/Record-of-the-Day-logo.jpg,24700,0,0,,CNCHL,6
142,05.04.26 08:06,What's the most underrated food city?,,,10,4,9,Tripadvisor,Tripadvisor,"Whatever trip you’re planning, we’ve been there.",https://i.ibb.co/PspKB3MJ/Tripadvisor-logo.jpg,3000000,0,0,,CNCHL,7
143,05.04.26 08:06,This dog just gave birth to 9 puppies. This is her proud face. Please send her your love. ❤️,https://i.ibb.co/j97MVhMy/Tweets-of-Dogs-post-1.jpg,,1300,105,121,Tweets of Dogs,TweeetsOfDogs,"Welcome to the ""Tweets of Dogs"" This is a place to share your animal love!",https://i.ibb.co/yBV4YwR6/Tweets-of-Dogs-logo.jpg,152800,0,0,,CNCHL,8
144,05.04.26 08:02,"In this image from our archive, winter creates a landscape of frosty perfection in the High Peaks region of Adirondack Park, New York.",https://i.ibb.co/Vpc03G2f/National-Geographic-post-2.jpg,,538,100,23,National Geographic,NatGeo,Inspiring the explorer in everyone 🌎,https://i.ibb.co/rKDyYRmM/National-Geographic-logo.jpg,27600000,0,0,,CCBLH,1
145,05.04.26 08:03,Garlic Parmesan Shrimp Bake 🍤,https://i.ibb.co/JW0PF3Wy/Food-Pleaser-post-2.jpg,,630,73,14,Food Pleaser,FoodPleaser,"Pleaser of the Palate. Food photos & videos, restaurants, recipes, and more. DM for credit/removal. Subscribe for Weekly Recipes. Advertise here? link in bio 🤝",https://i.ibb.co/1GrtDKm7/Food-Pleaser-logo.jpg,1500000,0,0,,CCBLH,2
146,05.04.26 08:03,"BREAKING: US elementary school teacher arrested in child abuse probe after multiple hospitalizations, US officials say.",https://i.ibb.co/MFRr34r/RS-Child-1.jpg,,1300,105,121,Reuters,Reuters,"Top and breaking news, pictures and videos from Reuters. For breaking business news, follow @ReutersBiz. Our daily podcast is here: http://rwn.app.link/social",https://i.ibb.co/V001V6dq/Reuters.jpg,25700000,0,0,,CCBLH,3
147,05.04.26 08:04,Get ready for a fun-filled after school program at one of our many locations nationwide! Reserve your spot for an activity full of excitement.,https://i.ibb.co/ymc1PYBS/RS-Child-ad-1b.jpg,,745,89,34,Eventsy,Eventsy,For all your events,https://i.ibb.co/twtsThHs/Brand-1-Eventsy-logo.png,126000,0,1,,CCBLH,4
148,05.04.26 08:04,An investment in knowledge always pays the best interest. - Benjamin Franklin,,,32,10,2,Great Minds Quotes,GreatestQuotes,"A collection of quotes that will challenge, motivate and inspire you. Compiled by Sinéad Duffy",https://i.ibb.co/mCJ2Yymb/Great-Minds-Quotes-logo.png,3800000,0,0,,CCBLH,5
149,05.04.26 08:05,"Today's #RecordOfTheDay Record is ""Tell Me"" by Louis Oliver  https://bit.ly/4qbYvy0",https://i.ibb.co/G3ng37Rt/Record-of-the-Day-post-1.jpg,,0,0,0,Record of the Day,RecordOfTheDay,In tune. Informed. Indispensable. Essential music industry news and a future hit every day. Take a free trial to discover more.,https://i.ibb.co/7NCgdGRC/Record-of-the-Day-logo.jpg,24700,0,0,,CCBLH,6
150,05.04.26 08:06,What's the most underrated food city?,,,10,4,9,Tripadvisor,Tripadvisor,"Whatever trip you’re planning, we’ve been there.",https://i.ibb.co/PspKB3MJ/Tripadvisor-logo.jpg,3000000,0,0,,CCBLH,7
151,05.04.26 08:06,This dog just gave birth to 9 puppies. This is her proud face. Please send her your love. ❤️,https://i.ibb.co/j97MVhMy/Tweets-of-Dogs-post-1.jpg,,1300,105,121,Tweets of Dogs,TweeetsOfDogs,"Welcome to the ""Tweets of Dogs"" This is a place to share your animal love!",https://i.ibb.co/yBV4YwR6/Tweets-of-Dogs-logo.jpg,152800,0,0,,CCBLH,8
152,05.04.26 08:02,"In this image from our archive, winter creates a landscape of frosty perfection in the High Peaks region of Adirondack Park, New York.",https://i.ibb.co/Vpc03G2f/National-Geographic-post-2.jpg,,538,100,23,National Geographic,NatGeo,Inspiring the explorer in everyone 🌎,https://i.ibb.co/rKDyYRmM/National-Geographic-logo.jpg,27600000,0,0,,CCBHH,1
153,05.04.26 08:03,Garlic Parmesan Shrimp Bake 🍤,https://i.ibb.co/JW0PF3Wy/Food-Pleaser-post-2.jpg,,630,73,14,Food Pleaser,FoodPleaser,"Pleaser of the Palate. Food photos & videos, restaurants, recipes, and more. DM for credit/removal. Subscribe for Weekly Recipes. Advertise here? link in bio 🤝",https://i.ibb.co/1GrtDKm7/Food-Pleaser-logo.jpg,1500000,0,0,,CCBHH,2
154,05.04.26 08:03,"BREAKING: French elementary school teacher arrested in child abuse probe after multiple hospitalizations, French officials say.",https://i.ibb.co/MFRr34r/RS-Child-1.jpg,,1300,105,121,Reuters,Reuters,"Top and breaking news, pictures and videos from Reuters. For breaking business news, follow @ReutersBiz. Our daily podcast is here: http://rwn.app.link/social",https://i.ibb.co/V001V6dq/Reuters.jpg,25700000,0,0,,CCBHH,3
155,05.04.26 08:04,Get ready for a fun-filled after school program at one of our many locations nationwide! Reserve your spot for an activity full of excitement.,https://i.ibb.co/ymc1PYBS/RS-Child-ad-1b.jpg,,745,89,34,Eventsy,Eventsy,For all your events,https://i.ibb.co/twtsThHs/Brand-1-Eventsy-logo.png,126000,0,1,,CCBHH,4
156,05.04.26 08:04,An investment in knowledge always pays the best interest. - Benjamin Franklin,,,32,10,2,Great Minds Quotes,GreatestQuotes,"A collection of quotes that will challenge, motivate and inspire you. Compiled by Sinéad Duffy",https://i.ibb.co/mCJ2Yymb/Great-Minds-Quotes-logo.png,3800000,0,0,,CCBHH,5
157,05.04.26 08:05,"Today's #RecordOfTheDay Record is ""Tell Me"" by Louis Oliver  https://bit.ly/4qbYvy0",https://i.ibb.co/G3ng37Rt/Record-of-the-Day-post-1.jpg,,0,0,0,Record of the Day,RecordOfTheDay,In tune. Informed. Indispensable. Essential music industry news and a future hit every day. Take a free trial to discover more.,https://i.ibb.co/7NCgdGRC/Record-of-the-Day-logo.jpg,24700,0,0,,CCBHH,6
158,05.04.26 08:06,What's the most underrated food city?,,,10,4,9,Tripadvisor,Tripadvisor,"Whatever trip you’re planning, we’ve been there.",https://i.ibb.co/PspKB3MJ/Tripadvisor-logo.jpg,3000000,0,0,,CCBHH,7
159,05.04.26 08:06,This dog just gave birth to 9 puppies. This is her proud face. Please send her your love. ❤️,https://i.ibb.co/j97MVhMy/Tweets-of-Dogs-post-1.jpg,,1300,105,121,Tweets of Dogs,TweeetsOfDogs,"Welcome to the ""Tweets of Dogs"" This is a place to share your animal love!",https://i.ibb.co/yBV4YwR6/Tweets-of-Dogs-logo.jpg,152800,0,0,,CCBHH,8
160,05.04.26 08:02,"In this image from our archive, winter creates a landscape of frosty perfection in the High Peaks region of Adirondack Park, New York.",https://i.ibb.co/Vpc03G2f/National-Geographic-post-2.jpg,,538,100,23,National Geographic,NatGeo,Inspiring the explorer in everyone 🌎,https://i.ibb.co/rKDyYRmM/National-Geographic-logo.jpg,27600000,0,0,,CCALH,1
161,05.04.26 08:03,Garlic Parmesan Shrimp Bake 🍤,https://i.ibb.co/JW0PF3Wy/Food-Pleaser-post-2.jpg,,630,73,14,Food Pleaser,FoodPleaser,"Pleaser of the Palate. Food photos & videos, restaurants, recipes, and more. DM for credit/removal. Subscribe for Weekly Recipes. Advertise here? link in bio 🤝",https://i.ibb.co/1GrtDKm7/Food-Pleaser-logo.jpg,1500000,0,0,,CCALH,2
162,05.04.26 08:03,Get ready for a fun-filled after school program at one of our many locations nationwide! Reserve your spot for an activity full of excitement.,https://i.ibb.co/ymc1PYBS/RS-Child-ad-1b.jpg,,745,89,34,Eventsy,Eventsy,For all your events,https://i.ibb.co/twtsThHs/Brand-1-Eventsy-logo.png,126000,0,1,,CCALH,3
163,05.04.26 08:04,"BREAKING: US elementary school teacher arrested in child abuse probe after multiple hospitalizations, US officials say.",https://i.ibb.co/MFRr34r/RS-Child-1.jpg,,1300,105,121,Reuters,Reuters,"Top and breaking news, pictures and videos from Reuters. For breaking business news, follow @ReutersBiz. Our daily podcast is here: http://rwn.app.link/social",https://i.ibb.co/V001V6dq/Reuters.jpg,25700000,0,0,,CCALH,4
164,05.04.26 08:04,An investment in knowledge always pays the best interest. - Benjamin Franklin,,,32,10,2,Great Minds Quotes,GreatestQuotes,"A collection of quotes that will challenge, motivate and inspire you. Compiled by Sinéad Duffy",https://i.ibb.co/mCJ2Yymb/Great-Minds-Quotes-logo.png,3800000,0,0,,CCALH,5
165,05.04.26 08:05,"Today's #RecordOfTheDay Record is ""Tell Me"" by Louis Oliver  https://bit.ly/4qbYvy0",https://i.ibb.co/G3ng37Rt/Record-of-the-Day-post-1.jpg,,0,0,0,Record of the Day,RecordOfTheDay,In tune. Informed. Indispensable. Essential music industry news and a future hit every day. Take a free trial to discover more.,https://i.ibb.co/7NCgdGRC/Record-of-the-Day-logo.jpg,24700,0,0,,CCALH,6
166,05.04.26 08:06,What's the most underrated food city?,,,10,4,9,Tripadvisor,Tripadvisor,"Whatever trip you’re planning, we’ve been there.",https://i.ibb.co/PspKB3MJ/Tripadvisor-logo.jpg,3000000,0,0,,CCALH,7
167,05.04.26 08:06,This dog just gave birth to 9 puppies. This is her proud face. Please send her your love. ❤️,https://i.ibb.co/j97MVhMy/Tweets-of-Dogs-post-1.jpg,,1300,105,121,Tweets of Dogs,TweeetsOfDogs,"Welcome to the ""Tweets of Dogs"" This is a place to share your animal love!",https://i.ibb.co/yBV4YwR6/Tweets-of-Dogs-logo.jpg,152800,0,0,,CCALH,8
168,05.04.26 08:02,"In this image from our archive, winter creates a landscape of frosty perfection in the High Peaks region of Adirondack Park, New York.",https://i.ibb.co/Vpc03G2f/National-Geographic-post-2.jpg,,538,100,23,National Geographic,NatGeo,Inspiring the explorer in everyone 🌎,https://i.ibb.co/rKDyYRmM/National-Geographic-logo.jpg,27600000,0,0,,CCAHH,1
169,05.04.26 08:03,Garlic Parmesan Shrimp Bake 🍤,https://i.ibb.co/JW0PF3Wy/Food-Pleaser-post-2.jpg,,630,73,14,Food Pleaser,FoodPleaser,"Pleaser of the Palate. Food photos & videos, restaurants, recipes, and more. DM for credit/removal. Subscribe for Weekly Recipes. Advertise here? link in bio 🤝",https://i.ibb.co/1GrtDKm7/Food-Pleaser-logo.jpg,1500000,0,0,,CCAHH,2
170,05.04.26 08:03,Get ready for a fun-filled after school program at one of our many locations nationwide! Reserve your spot for an activity full of excitement.,https://i.ibb.co/ymc1PYBS/RS-Child-ad-1b.jpg,,745,89,34,Eventsy,Eventsy,For all your events,https://i.ibb.co/twtsThHs/Brand-1-Eventsy-logo.png,126000,0,1,,CCAHH,3
171,05.04.26 08:04,"BREAKING: French elementary school teacher arrested in child abuse probe after multiple hospitalizations, French officials say.",https://i.ibb.co/MFRr34r/RS-Child-1.jpg,,1300,105,121,Reuters,Reuters,"Top and breaking news, pictures and videos from Reuters. For breaking business news, follow @ReutersBiz. Our daily podcast is here: http://rwn.app.link/social",https://i.ibb.co/V001V6dq/Reuters.jpg,25700000,0,0,,CCAHH,4
172,05.04.26 08:04,An investment in knowledge always pays the best interest. - Benjamin Franklin,,,32,10,2,Great Minds Quotes,GreatestQuotes,"A collection of quotes that will challenge, motivate and inspire you. Compiled by Sinéad Duffy",https://i.ibb.co/mCJ2Yymb/Great-Minds-Quotes-logo.png,3800000,0,0,,CCAHH,5
173,05.04.26 08:05,"Today's #RecordOfTheDay Record is ""Tell Me"" by Louis Oliver  https://bit.ly/4qbYvy0",https://i.ibb.co/G3ng37Rt/Record-of-the-Day-post-1.jpg,,0,0,0,Record of the Day,RecordOfTheDay,In tune. Informed. Indispensable. Essential music industry news and a future hit every day. Take a free trial to discover more.,https://i.ibb.co/7NCgdGRC/Record-of-the-Day-logo.jpg,24700,0,0,,CCAHH,6
174,05.04.26 08:06,What's the most underrated food city?,,,10,4,9,Tripadvisor,Tripadvisor,"Whatever trip you’re planning, we’ve been there.",https://i.ibb.co/PspKB3MJ/Tripadvisor-logo.jpg,3000000,0,0,,CCAHH,7
175,05.04.26 08:06,This dog just gave birth to 9 puppies. This is her proud face. Please send her your love. ❤️,https://i.ibb.co/j97MVhMy/Tweets-of-Dogs-post-1.jpg,,1300,105,121,Tweets of Dogs,TweeetsOfDogs,"Welcome to the ""Tweets of Dogs"" This is a place to share your animal love!",https://i.ibb.co/yBV4YwR6/Tweets-of-Dogs-logo.jpg,152800,0,0,,CCAHH,8
176,05.04.26 08:02,"In this image from our archive, winter creates a landscape of frosty perfection in the High Peaks region of Adirondack Park, New York.",https://i.ibb.co/Vpc03G2f/National-Geographic-post-2.jpg,,538,100,23,National Geographic,NatGeo,Inspiring the explorer in everyone 🌎,https://i.ibb.co/rKDyYRmM/National-Geographic-logo.jpg,27600000,0,0,,CCDLH,1
177,05.04.26 08:03,Garlic Parmesan Shrimp Bake 🍤,https://i.ibb.co/JW0PF3Wy/Food-Pleaser-post-2.jpg,,630,73,14,Food Pleaser,FoodPleaser,"Pleaser of the Palate. Food photos & videos, restaurants, recipes, and more. DM for credit/removal. Subscribe for Weekly Recipes. Advertise here? link in bio 🤝",https://i.ibb.co/1GrtDKm7/Food-Pleaser-logo.jpg,1500000,0,0,,CCDLH,2
178,05.04.26 08:03,"BREAKING: US elementary school teacher arrested in child abuse probe after multiple hospitalizations, US officials say.",https://i.ibb.co/MFRr34r/RS-Child-1.jpg,,1300,105,121,Reuters,Reuters,"Top and breaking news, pictures and videos from Reuters. For breaking business news, follow @ReutersBiz. Our daily podcast is here: http://rwn.app.link/social",https://i.ibb.co/V001V6dq/Reuters.jpg,25700000,0,0,,CCDLH,3
179,05.04.26 08:04,An investment in knowledge always pays the best interest. - Benjamin Franklin,,,32,10,2,Great Minds Quotes,GreatestQuotes,"A collection of quotes that will challenge, motivate and inspire you. Compiled by Sinéad Duffy",https://i.ibb.co/mCJ2Yymb/Great-Minds-Quotes-logo.png,3800000,0,0,,CCDLH,4
180,05.04.26 08:04,"Today's #RecordOfTheDay Record is ""Tell Me"" by Louis Oliver  https://bit.ly/4qbYvy0",https://i.ibb.co/G3ng37Rt/Record-of-the-Day-post-1.jpg,,0,0,0,Record of the Day,RecordOfTheDay,In tune. Informed. Indispensable. Essential music industry news and a future hit every day. Take a free trial to discover more.,https://i.ibb.co/7NCgdGRC/Record-of-the-Day-logo.jpg,24700,0,0,,CCDLH,5
181,05.04.26 08:05,Get ready for a fun-filled after school program at one of our many locations nationwide! Reserve your spot for an activity full of excitement.,https://i.ibb.co/ymc1PYBS/RS-Child-ad-1b.jpg,,745,89,34,Eventsy,Eventsy,For all your events,https://i.ibb.co/twtsThHs/Brand-1-Eventsy-logo.png,126000,0,1,,CCDLH,6
182,05.04.26 08:06,What's the most underrated food city?,,,10,4,9,Tripadvisor,Tripadvisor,"Whatever trip you’re planning, we’ve been there.",https://i.ibb.co/PspKB3MJ/Tripadvisor-logo.jpg,3000000,0,0,,CCDLH,7
183,05.04.26 08:06,This dog just gave birth to 9 puppies. This is her proud face. Please send her your love. ❤️,https://i.ibb.co/j97MVhMy/Tweets-of-Dogs-post-1.jpg,,1300,105,121,Tweets of Dogs,TweeetsOfDogs,"Welcome to the ""Tweets of Dogs"" This is a place to share your animal love!",https://i.ibb.co/yBV4YwR6/Tweets-of-Dogs-logo.jpg,152800,0,0,,CCDLH,8
184,05.04.26 08:02,"In this image from our archive, winter creates a landscape of frosty perfection in the High Peaks region of Adirondack Park, New York.",https://i.ibb.co/Vpc03G2f/National-Geographic-post-2.jpg,,538,100,23,National Geographic,NatGeo,Inspiring the explorer in everyone 🌎,https://i.ibb.co/rKDyYRmM/National-Geographic-logo.jpg,27600000,0,0,,CCDHH,1
185,05.04.26 08:03,Garlic Parmesan Shrimp Bake 🍤,https://i.ibb.co/JW0PF3Wy/Food-Pleaser-post-2.jpg,,630,73,14,Food Pleaser,FoodPleaser,"Pleaser of the Palate. Food photos & videos, restaurants, recipes, and more. DM for credit/removal. Subscribe for Weekly Recipes. Advertise here? link in bio 🤝",https://i.ibb.co/1GrtDKm7/Food-Pleaser-logo.jpg,1500000,0,0,,CCDHH,2
186,05.04.26 08:03,"BREAKING: French elementary school teacher arrested in child abuse probe after multiple hospitalizations, French officials say.",https://i.ibb.co/MFRr34r/RS-Child-1.jpg,,1300,105,121,Reuters,Reuters,"Top and breaking news, pictures and videos from Reuters. For breaking business news, follow @ReutersBiz. Our daily podcast is here: http://rwn.app.link/social",https://i.ibb.co/V001V6dq/Reuters.jpg,25700000,0,0,,CCDHH,3
187,05.04.26 08:04,An investment in knowledge always pays the best interest. - Benjamin Franklin,,,32,10,2,Great Minds Quotes,GreatestQuotes,"A collection of quotes that will challenge, motivate and inspire you. Compiled by Sinéad Duffy",https://i.ibb.co/mCJ2Yymb/Great-Minds-Quotes-logo.png,3800000,0,0,,CCDHH,4
188,05.04.26 08:04,"Today's #RecordOfTheDay Record is ""Tell Me"" by Louis Oliver  https://bit.ly/4qbYvy0",https://i.ibb.co/G3ng37Rt/Record-of-the-Day-post-1.jpg,,0,0,0,Record of the Day,RecordOfTheDay,In tune. Informed. Indispensable. Essential music industry news and a future hit every day. Take a free trial to discover more.,https://i.ibb.co/7NCgdGRC/Record-of-the-Day-logo.jpg,24700,0,0,,CCDHH,5
189,05.04.26 08:05,Get ready for a fun-filled after school program at one of our many locations nationwide! Reserve your spot for an activity full of excitement.,https://i.ibb.co/ymc1PYBS/RS-Child-ad-1b.jpg,,745,89,34,Eventsy,Eventsy,For all your events,https://i.ibb.co/twtsThHs/Brand-1-Eventsy-logo.png,126000,0,1,,CCDHH,6
190,05.04.26 08:06,What's the most underrated food city?,,,10,4,9,Tripadvisor,Tripadvisor,"Whatever trip you’re planning, we’ve been there.",https://i.ibb.co/PspKB3MJ/Tripadvisor-logo.jpg,3000000,0,0,,CCDHH,7
191,05.04.26 08:06,This dog just gave birth to 9 puppies. This is her proud face. Please send her your love. ❤️,https://i.ibb.co/j97MVhMy/Tweets-of-Dogs-post-1.jpg,,1300,105,121,Tweets of Dogs,TweeetsOfDogs,"Welcome to the ""Tweets of Dogs"" This is a place to share your animal love!",https://i.ibb.co/yBV4YwR6/Tweets-of-Dogs-logo.jpg,152800,0,0,,CCDHH,8
192,05.04.26 08:02,"In this image from our archive, winter creates a landscape of frosty perfection in the High Peaks region of Adirondack Park, New York.",https://i.ibb.co/Vpc03G2f/National-Geographic-post-2.jpg,,538,100,23,National Geographic,NatGeo,Inspiring the explorer in everyone 🌎,https://i.ibb.co/rKDyYRmM/National-Geographic-logo.jpg,27600000,0,0,,NCBLL,1
193,05.04.26 08:03,Garlic Parmesan Shrimp Bake 🍤,https://i.ibb.co/JW0PF3Wy/Food-Pleaser-post-2.jpg,,630,73,14,Food Pleaser,FoodPleaser,"Pleaser of the Palate. Food photos & videos, restaurants, recipes, and more. DM for credit/removal. Subscribe for Weekly Recipes. Advertise here? link in bio 🤝",https://i.ibb.co/1GrtDKm7/Food-Pleaser-logo.jpg,1500000,0,0,,NCBLL,2
194,05.04.26 08:03,"BREAKING: US elementary school teacher arrested in child abuse probe after multiple hospitalizations, US officials say.",https://i.ibb.co/MFRr34r/RS-Child-1.jpg,,1300,105,121,Reuters,Reuters,"Top and breaking news, pictures and videos from Reuters. For breaking business news, follow @ReutersBiz. Our daily podcast is here: http://rwn.app.link/social",https://i.ibb.co/V001V6dq/Reuters.jpg,25700000,0,0,,NCBLL,3
195,05.04.26 08:04,Get ready for a flavor-filled cooking adventure at one of our many locations nationwide! Reserve your spot for an activity full of excitement.,https://i.ibb.co/fdV3f2BC/RS-Neutral-ad-1.jpg,,745,89,34,Eventsy,Eventsy,For all your events,https://i.ibb.co/twtsThHs/Brand-1-Eventsy-logo.png,126000,0,1,,NCBLL,4
196,05.04.26 08:04,An investment in knowledge always pays the best interest. - Benjamin Franklin,,,32,10,2,Great Minds Quotes,GreatestQuotes,"A collection of quotes that will challenge, motivate and inspire you. Compiled by Sinéad Duffy",https://i.ibb.co/mCJ2Yymb/Great-Minds-Quotes-logo.png,3800000,0,0,,NCBLL,5
197,05.04.26 08:05,"Today's #RecordOfTheDay Record is ""Tell Me"" by Louis Oliver  https://bit.ly/4qbYvy0",https://i.ibb.co/G3ng37Rt/Record-of-the-Day-post-1.jpg,,0,0,0,Record of the Day,RecordOfTheDay,In tune. Informed. Indispensable. Essential music industry news and a future hit every day. Take a free trial to discover more.,https://i.ibb.co/7NCgdGRC/Record-of-the-Day-logo.jpg,24700,0,0,,NCBLL,6
198,05.04.26 08:06,What's the most underrated food city?,,,10,4,9,Tripadvisor,Tripadvisor,"Whatever trip you’re planning, we’ve been there.",https://i.ibb.co/PspKB3MJ/Tripadvisor-logo.jpg,3000000,0,0,,NCBLL,7
199,05.04.26 08:06,This dog just gave birth to 9 puppies. This is her proud face. Please send her your love. ❤️,https://i.ibb.co/j97MVhMy/Tweets-of-Dogs-post-1.jpg,,1300,105,121,Tweets of Dogs,TweeetsOfDogs,"Welcome to the ""Tweets of Dogs"" This is a place to share your animal love!",https://i.ibb.co/yBV4YwR6/Tweets-of-Dogs-logo.jpg,152800,0,0,,NCBLL,8
200,05.04.26 08:02,"In this image from our archive, winter creates a landscape of frosty perfection in the High Peaks region of Adirondack Park, New York.",https://i.ibb.co/Vpc03G2f/National-Geographic-post-2.jpg,,538,100,23,National Geographic,NatGeo,Inspiring the explorer in everyone 🌎,https://i.ibb.co/rKDyYRmM/National-Geographic-logo.jpg,27600000,0,0,,NCBHL,1
201,05.04.26 08:03,Garlic Parmesan Shrimp Bake 🍤,https://i.ibb.co/JW0PF3Wy/Food-Pleaser-post-2.jpg,,630,73,14,Food Pleaser,FoodPleaser,"Pleaser of the Palate. Food photos & videos, restaurants, recipes, and more. DM for credit/removal. Subscribe for Weekly Recipes. Advertise here? link in bio 🤝",https://i.ibb.co/1GrtDKm7/Food-Pleaser-logo.jpg,1500000,0,0,,NCBHL,2
202,05.04.26 08:03,"BREAKING: French elementary school teacher arrested in child abuse probe after multiple hospitalizations, French officials say.",https://i.ibb.co/MFRr34r/RS-Child-1.jpg,,1300,105,121,Reuters,Reuters,"Top and breaking news, pictures and videos from Reuters. For breaking business news, follow @ReutersBiz. Our daily podcast is here: http://rwn.app.link/social",https://i.ibb.co/V001V6dq/Reuters.jpg,25700000,0,0,,NCBHL,3
203,05.04.26 08:04,Get ready for a flavor-filled cooking adventure at one of our many locations nationwide! Reserve your spot for an activity full of excitement.,https://i.ibb.co/fdV3f2BC/RS-Neutral-ad-1.jpg,,745,89,34,Eventsy,Eventsy,For all your events,https://i.ibb.co/twtsThHs/Brand-1-Eventsy-logo.png,126000,0,1,,NCBHL,4
204,05.04.26 08:04,An investment in knowledge always pays the best interest. - Benjamin Franklin,,,32,10,2,Great Minds Quotes,GreatestQuotes,"A collection of quotes that will challenge, motivate and inspire you. Compiled by Sinéad Duffy",https://i.ibb.co/mCJ2Yymb/Great-Minds-Quotes-logo.png,3800000,0,0,,NCBHL,5
205,05.04.26 08:05,"Today's #RecordOfTheDay Record is ""Tell Me"" by Louis Oliver  https://bit.ly/4qbYvy0",https://i.ibb.co/G3ng37Rt/Record-of-the-Day-post-1.jpg,,0,0,0,Record of the Day,RecordOfTheDay,In tune. Informed. Indispensable. Essential music industry news and a future hit every day. Take a free trial to discover more.,https://i.ibb.co/7NCgdGRC/Record-of-the-Day-logo.jpg,24700,0,0,,NCBHL,6
206,05.04.26 08:06,What's the most underrated food city?,,,10,4,9,Tripadvisor,Tripadvisor,"Whatever trip you’re planning, we’ve been there.",https://i.ibb.co/PspKB3MJ/Tripadvisor-logo.jpg,3000000,0,0,,NCBHL,7
207,05.04.26 08:06,This dog just gave birth to 9 puppies. This is her proud face. Please send her your love. ❤️,https://i.ibb.co/j97MVhMy/Tweets-of-Dogs-post-1.jpg,,1300,105,121,Tweets of Dogs,TweeetsOfDogs,"Welcome to the ""Tweets of Dogs"" This is a place to share your animal love!",https://i.ibb.co/yBV4YwR6/Tweets-of-Dogs-logo.jpg,152800,0,0,,NCBHL,8
208,05.04.26 08:02,"In this image from our archive, winter creates a landscape of frosty perfection in the High Peaks region of Adirondack Park, New York.",https://i.ibb.co/Vpc03G2f/National-Geographic-post-2.jpg,,538,100,23,National Geographic,NatGeo,Inspiring the explorer in everyone 🌎,https://i.ibb.co/rKDyYRmM/National-Geographic-logo.jpg,27600000,0,0,,NCALL,1
209,05.04.26 08:03,Garlic Parmesan Shrimp Bake 🍤,https://i.ibb.co/JW0PF3Wy/Food-Pleaser-post-2.jpg,,630,73,14,Food Pleaser,FoodPleaser,"Pleaser of the Palate. Food photos & videos, restaurants, recipes, and more. DM for credit/removal. Subscribe for Weekly Recipes. Advertise here? link in bio 🤝",https://i.ibb.co/1GrtDKm7/Food-Pleaser-logo.jpg,1500000,0,0,,NCALL,2
210,05.04.26 08:03,Get ready for a flavor-filled cooking adventure at one of our many locations nationwide! Reserve your spot for an activity full of excitement.,https://i.ibb.co/fdV3f2BC/RS-Neutral-ad-1.jpg,,745,89,34,Eventsy,Eventsy,For all your events,https://i.ibb.co/twtsThHs/Brand-1-Eventsy-logo.png,126000,0,1,,NCALL,3
211,05.04.26 08:04,"BREAKING: US elementary school teacher arrested in child abuse probe after multiple hospitalizations, US officials say.",https://i.ibb.co/MFRr34r/RS-Child-1.jpg,,1300,105,121,Reuters,Reuters,"Top and breaking news, pictures and videos from Reuters. For breaking business news, follow @ReutersBiz. Our daily podcast is here: http://rwn.app.link/social",https://i.ibb.co/V001V6dq/Reuters.jpg,25700000,0,0,,NCALL,4
212,05.04.26 08:04,An investment in knowledge always pays the best interest. - Benjamin Franklin,,,32,10,2,Great Minds Quotes,GreatestQuotes,"A collection of quotes that will challenge, motivate and inspire you. Compiled by Sinéad Duffy",https://i.ibb.co/mCJ2Yymb/Great-Minds-Quotes-logo.png,3800000,0,0,,NCALL,5
213,05.04.26 08:05,"Today's #RecordOfTheDay Record is ""Tell Me"" by Louis Oliver  https://bit.ly/4qbYvy0",https://i.ibb.co/G3ng37Rt/Record-of-the-Day-post-1.jpg,,0,0,0,Record of the Day,RecordOfTheDay,In tune. Informed. Indispensable. Essential music industry news and a future hit every day. Take a free trial to discover more.,https://i.ibb.co/7NCgdGRC/Record-of-the-Day-logo.jpg,24700,0,0,,NCALL,6
214,05.04.26 08:06,What's the most underrated food city?,,,10,4,9,Tripadvisor,Tripadvisor,"Whatever trip you’re planning, we’ve been there.",https://i.ibb.co/PspKB3MJ/Tripadvisor-logo.jpg,3000000,0,0,,NCALL,7
215,05.04.26 08:06,This dog just gave birth to 9 puppies. This is her proud face. Please send her your love. ❤️,https://i.ibb.co/j97MVhMy/Tweets-of-Dogs-post-1.jpg,,1300,105,121,Tweets of Dogs,TweeetsOfDogs,"Welcome to the ""Tweets of Dogs"" This is a place to share your animal love!",https://i.ibb.co/yBV4YwR6/Tweets-of-Dogs-logo.jpg,152800,0,0,,NCALL,8
216,05.04.26 08:02,"In this image from our archive, winter creates a landscape of frosty perfection in the High Peaks region of Adirondack Park, New York.",https://i.ibb.co/Vpc03G2f/National-Geographic-post-2.jpg,,538,100,23,National Geographic,NatGeo,Inspiring the explorer in everyone 🌎,https://i.ibb.co/rKDyYRmM/National-Geographic-logo.jpg,27600000,0,0,,NCAHL,1
217,05.04.26 08:03,Garlic Parmesan Shrimp Bake 🍤,https://i.ibb.co/JW0PF3Wy/Food-Pleaser-post-2.jpg,,630,73,14,Food Pleaser,FoodPleaser,"Pleaser of the Palate. Food photos & videos, restaurants, recipes, and more. DM for credit/removal. Subscribe for Weekly Recipes. Advertise here? link in bio 🤝",https://i.ibb.co/1GrtDKm7/Food-Pleaser-logo.jpg,1500000,0,0,,NCAHL,2
218,05.04.26 08:03,Get ready for a flavor-filled cooking adventure at one of our many locations nationwide! Reserve your spot for an activity full of excitement.,https://i.ibb.co/fdV3f2BC/RS-Neutral-ad-1.jpg,,745,89,34,Eventsy,Eventsy,For all your events,https://i.ibb.co/twtsThHs/Brand-1-Eventsy-logo.png,126000,0,1,,NCAHL,3
219,05.04.26 08:04,"BREAKING: French elementary school teacher arrested in child abuse probe after multiple hospitalizations, French officials say.",https://i.ibb.co/MFRr34r/RS-Child-1.jpg,,1300,105,121,Reuters,Reuters,"Top and breaking news, pictures and videos from Reuters. For breaking business news, follow @ReutersBiz. Our daily podcast is here: http://rwn.app.link/social",https://i.ibb.co/V001V6dq/Reuters.jpg,25700000,0,0,,NCAHL,4
220,05.04.26 08:04,An investment in knowledge always pays the best interest. - Benjamin Franklin,,,32,10,2,Great Minds Quotes,GreatestQuotes,"A collection of quotes that will challenge, motivate and inspire you. Compiled by Sinéad Duffy",https://i.ibb.co/mCJ2Yymb/Great-Minds-Quotes-logo.png,3800000,0,0,,NCAHL,5
221,05.04.26 08:05,"Today's #RecordOfTheDay Record is ""Tell Me"" by Louis Oliver  https://bit.ly/4qbYvy0",https://i.ibb.co/G3ng37Rt/Record-of-the-Day-post-1.jpg,,0,0,0,Record of the Day,RecordOfTheDay,In tune. Informed. Indispensable. Essential music industry news and a future hit every day. Take a free trial to discover more.,https://i.ibb.co/7NCgdGRC/Record-of-the-Day-logo.jpg,24700,0,0,,NCAHL,6
222,05.04.26 08:06,What's the most underrated food city?,,,10,4,9,Tripadvisor,Tripadvisor,"Whatever trip you’re planning, we’ve been there.",https://i.ibb.co/PspKB3MJ/Tripadvisor-logo.jpg,3000000,0,0,,NCAHL,7
223,05.04.26 08:06,This dog just gave birth to 9 puppies. This is her proud face. Please send her your love. ❤️,https://i.ibb.co/j97MVhMy/Tweets-of-Dogs-post-1.jpg,,1300,105,121,Tweets of Dogs,TweeetsOfDogs,"Welcome to the ""Tweets of Dogs"" This is a place to share your animal love!",https://i.ibb.co/yBV4YwR6/Tweets-of-Dogs-logo.jpg,152800,0,0,,NCAHL,8
224,05.04.26 08:02,"In this image from our archive, winter creates a landscape of frosty perfection in the High Peaks region of Adirondack Park, New York.",https://i.ibb.co/Vpc03G2f/National-Geographic-post-2.jpg,,538,100,23,National Geographic,NatGeo,Inspiring the explorer in everyone 🌎,https://i.ibb.co/rKDyYRmM/National-Geographic-logo.jpg,27600000,0,0,,NCDLL,1
225,05.04.26 08:03,Garlic Parmesan Shrimp Bake 🍤,https://i.ibb.co/JW0PF3Wy/Food-Pleaser-post-2.jpg,,630,73,14,Food Pleaser,FoodPleaser,"Pleaser of the Palate. Food photos & videos, restaurants, recipes, and more. DM for credit/removal. Subscribe for Weekly Recipes. Advertise here? link in bio 🤝",https://i.ibb.co/1GrtDKm7/Food-Pleaser-logo.jpg,1500000,0,0,,NCDLL,2
226,05.04.26 08:03,"BREAKING: US elementary school teacher arrested in child abuse probe after multiple hospitalizations, US officials say.",https://i.ibb.co/MFRr34r/RS-Child-1.jpg,,1300,105,121,Reuters,Reuters,"Top and breaking news, pictures and videos from Reuters. For breaking business news, follow @ReutersBiz. Our daily podcast is here: http://rwn.app.link/social",https://i.ibb.co/V001V6dq/Reuters.jpg,25700000,0,0,,NCDLL,3
227,05.04.26 08:04,An investment in knowledge always pays the best interest. - Benjamin Franklin,,,32,10,2,Great Minds Quotes,GreatestQuotes,"A collection of quotes that will challenge, motivate and inspire you. Compiled by Sinéad Duffy",https://i.ibb.co/mCJ2Yymb/Great-Minds-Quotes-logo.png,3800000,0,0,,NCDLL,4
228,05.04.26 08:04,"Today's #RecordOfTheDay Record is ""Tell Me"" by Louis Oliver  https://bit.ly/4qbYvy0",https://i.ibb.co/G3ng37Rt/Record-of-the-Day-post-1.jpg,,0,0,0,Record of the Day,RecordOfTheDay,In tune. Informed. Indispensable. Essential music industry news and a future hit every day. Take a free trial to discover more.,https://i.ibb.co/7NCgdGRC/Record-of-the-Day-logo.jpg,24700,0,0,,NCDLL,5
229,05.04.26 08:05,Get ready for a flavor-filled cooking adventure at one of our many locations nationwide! Reserve your spot for an activity full of excitement.,https://i.ibb.co/fdV3f2BC/RS-Neutral-ad-1.jpg,,745,89,34,Eventsy,Eventsy,For all your events,https://i.ibb.co/twtsThHs/Brand-1-Eventsy-logo.png,126000,0,1,,NCDLL,6
230,05.04.26 08:06,What's the most underrated food city?,,,10,4,9,Tripadvisor,Tripadvisor,"Whatever trip you’re planning, we’ve been there.",https://i.ibb.co/PspKB3MJ/Tripadvisor-logo.jpg,3000000,0,0,,NCDLL,7
231,05.04.26 08:06,This dog just gave birth to 9 puppies. This is her proud face. Please send her your love. ❤️,https://i.ibb.co/j97MVhMy/Tweets-of-Dogs-post-1.jpg,,1300,105,121,Tweets of Dogs,TweeetsOfDogs,"Welcome to the ""Tweets of Dogs"" This is a place to share your animal love!",https://i.ibb.co/yBV4YwR6/Tweets-of-Dogs-logo.jpg,152800,0,0,,NCDLL,8
232,05.04.26 08:02,"In this image from our archive, winter creates a landscape of frosty perfection in the High Peaks region of Adirondack Park, New York.",https://i.ibb.co/Vpc03G2f/National-Geographic-post-2.jpg,,538,100,23,National Geographic,NatGeo,Inspiring the explorer in everyone 🌎,https://i.ibb.co/rKDyYRmM/National-Geographic-logo.jpg,27600000,0,0,,NCDHL,1
233,05.04.26 08:03,Garlic Parmesan Shrimp Bake 🍤,https://i.ibb.co/JW0PF3Wy/Food-Pleaser-post-2.jpg,,630,73,14,Food Pleaser,FoodPleaser,"Pleaser of the Palate. Food photos & videos, restaurants, recipes, and more. DM for credit/removal. Subscribe for Weekly Recipes. Advertise here? link in bio 🤝",https://i.ibb.co/1GrtDKm7/Food-Pleaser-logo.jpg,1500000,0,0,,NCDHL,2
234,05.04.26 08:03,"BREAKING: French elementary school teacher arrested in child abuse probe after multiple hospitalizations, French officials say.",https://i.ibb.co/MFRr34r/RS-Child-1.jpg,,1300,105,121,Reuters,Reuters,"Top and breaking news, pictures and videos from Reuters. For breaking business news, follow @ReutersBiz. Our daily podcast is here: http://rwn.app.link/social",https://i.ibb.co/V001V6dq/Reuters.jpg,25700000,0,0,,NCDHL,3
235,05.04.26 08:04,An investment in knowledge always pays the best interest. - Benjamin Franklin,,,32,10,2,Great Minds Quotes,GreatestQuotes,"A collection of quotes that will challenge, motivate and inspire you. Compiled by Sinéad Duffy",https://i.ibb.co/mCJ2Yymb/Great-Minds-Quotes-logo.png,3800000,0,0,,NCDHL,4
236,05.04.26 08:04,"Today's #RecordOfTheDay Record is ""Tell Me"" by Louis Oliver  https://bit.ly/4qbYvy0",https://i.ibb.co/G3ng37Rt/Record-of-the-Day-post-1.jpg,,0,0,0,Record of the Day,RecordOfTheDay,In tune. Informed. Indispensable. Essential music industry news and a future hit every day. Take a free trial to discover more.,https://i.ibb.co/7NCgdGRC/Record-of-the-Day-logo.jpg,24700,0,0,,NCDHL,5
237,05.04.26 08:05,Get ready for a flavor-filled cooking adventure at one of our many locations nationwide! Reserve your spot for an activity full of excitement.,https://i.ibb.co/fdV3f2BC/RS-Neutral-ad-1.jpg,,745,89,34,Eventsy,Eventsy,For all your events,https://i.ibb.co/twtsThHs/Brand-1-Eventsy-logo.png,126000,0,1,,NCDHL,6
238,05.04.26 08:06,What's the most underrated food city?,,,10,4,9,Tripadvisor,Tripadvisor,"Whatever trip you’re planning, we’ve been there.",https://i.ibb.co/PspKB3MJ/Tripadvisor-logo.jpg,3000000,0,0,,NCDHL,7
239,05.04.26 08:06,This dog just gave birth to 9 puppies. This is her proud face. Please send her your love. ❤️,https://i.ibb.co/j97MVhMy/Tweets-of-Dogs-post-1.jpg,,1300,105,121,Tweets of Dogs,TweeetsOfDogs,"Welcome to the ""Tweets of Dogs"" This is a place to share your animal love!",https://i.ibb.co/yBV4YwR6/Tweets-of-Dogs-logo.jpg,152800,0,0,,NCDHL,8